-- phpMyAdmin SQL Dump
-- version 5.2.0
-- https://www.phpmyadmin.net/
--
-- Hôte : 127.0.0.1
-- Généré le : dim. 27 oct. 2024 à 20:43
-- Version du serveur : 10.4.27-MariaDB
-- Version de PHP : 8.2.0

SET SQL_MODE = "NO_AUTO_VALUE_ON_ZERO";
START TRANSACTION;
SET time_zone = "+00:00";


/*!40101 SET @OLD_CHARACTER_SET_CLIENT=@@CHARACTER_SET_CLIENT */;
/*!40101 SET @OLD_CHARACTER_SET_RESULTS=@@CHARACTER_SET_RESULTS */;
/*!40101 SET @OLD_COLLATION_CONNECTION=@@COLLATION_CONNECTION */;
/*!40101 SET NAMES utf8mb4 */;

--
-- Base de données : `risv`
--

-- --------------------------------------------------------

--
-- Structure de la table `antecedant_examens`
--

CREATE TABLE `antecedant_examens` (
  `id` bigint(20) UNSIGNED NOT NULL,
  `examen_id` bigint(20) UNSIGNED DEFAULT NULL,
  `antecedent_id` bigint(20) UNSIGNED DEFAULT NULL,
  `created_at` timestamp NULL DEFAULT NULL,
  `updated_at` timestamp NULL DEFAULT NULL
) ENGINE=InnoDB DEFAULT CHARSET=utf8mb4 COLLATE=utf8mb4_unicode_ci;

--
-- Déchargement des données de la table `antecedant_examens`
--

INSERT INTO `antecedant_examens` (`id`, `examen_id`, `antecedent_id`, `created_at`, `updated_at`) VALUES
(62, 64, 1, '2024-01-30 20:50:46', '2024-01-30 20:50:46'),
(63, 67, 1, '2024-02-02 22:41:04', '2024-02-02 22:41:04'),
(64, 67, 2, '2024-02-02 22:41:04', '2024-02-02 22:41:04'),
(65, 73, 1, '2024-09-01 10:55:53', '2024-09-01 10:55:53'),
(66, 74, 1, '2024-09-04 07:05:39', '2024-09-04 07:05:39');

-- --------------------------------------------------------

--
-- Structure de la table `antecedents`
--

CREATE TABLE `antecedents` (
  `IDAntecedent` bigint(20) UNSIGNED NOT NULL,
  `libelleAntecedent` varchar(255) DEFAULT NULL,
  `UIAntecedent` int(11) DEFAULT NULL,
  `etatAntecedent` int(11) DEFAULT NULL,
  `created_at` timestamp NULL DEFAULT NULL,
  `updated_at` timestamp NULL DEFAULT NULL
) ENGINE=InnoDB DEFAULT CHARSET=utf8mb4 COLLATE=utf8mb4_unicode_ci;

--
-- Déchargement des données de la table `antecedents`
--

INSERT INTO `antecedents` (`IDAntecedent`, `libelleAntecedent`, `UIAntecedent`, `etatAntecedent`, `created_at`, `updated_at`) VALUES
(1, 'Allergie', 1, 1, '2023-05-29 21:27:46', '2023-05-29 21:28:55'),
(2, 'HTA', 1, 1, '2023-05-29 21:28:04', '2023-05-29 21:28:04'),
(3, 'Diabète', 1, 1, '2023-05-29 21:28:17', '2023-06-09 21:07:05'),
(4, 'covid', 1, 0, '2023-06-09 21:07:24', '2024-09-06 21:20:20');

-- --------------------------------------------------------

--
-- Structure de la table `caisses`
--

CREATE TABLE `caisses` (
  `IDCaisse` bigint(20) UNSIGNED NOT NULL,
  `net` decimal(8,2) DEFAULT NULL,
  `tva` decimal(8,2) DEFAULT NULL,
  `ttc` decimal(8,2) DEFAULT NULL,
  `verse` decimal(8,2) DEFAULT NULL,
  `reset` decimal(8,2) DEFAULT NULL,
  `UICaisse` int(11) DEFAULT NULL,
  `etatCaisse` int(11) DEFAULT NULL,
  `created_at` timestamp NULL DEFAULT NULL,
  `updated_at` timestamp NULL DEFAULT NULL
) ENGINE=InnoDB DEFAULT CHARSET=utf8mb4 COLLATE=utf8mb4_unicode_ci;

--
-- Déchargement des données de la table `caisses`
--

INSERT INTO `caisses` (`IDCaisse`, `net`, `tva`, `ttc`, `verse`, `reset`, `UICaisse`, `etatCaisse`, `created_at`, `updated_at`) VALUES
(37, '4000.00', '0.00', '4000.00', '3997.00', '0.00', 1, NULL, '2024-01-30 20:50:46', '2024-01-30 20:50:46'),
(38, '6100.00', '0.00', '6100.00', '6000.00', '100.00', 1, NULL, '2024-02-01 23:36:55', '2024-02-01 23:36:55'),
(39, '4500.00', '0.00', '4500.00', '4200.00', '300.00', 1, NULL, '2024-02-02 22:41:04', '2024-02-08 21:59:47'),
(40, '12500.00', '0.00', '12500.00', '12500.00', '0.00', 1, NULL, '2024-02-03 00:02:32', '2024-02-03 22:52:50'),
(41, '5000.00', '950.00', '5950.00', '5950.00', '0.00', 1, NULL, '2024-02-03 20:11:50', '2024-02-03 20:11:50'),
(42, '11000.00', '2090.00', '13090.00', '13090.00', '0.00', 1, NULL, '2024-02-14 21:16:28', '2024-02-14 21:17:43'),
(43, '3200.00', '0.00', '3200.00', '3200.00', '0.00', 1, NULL, '2024-09-01 10:55:53', '2024-09-04 06:56:47'),
(44, '1200.00', '0.00', '1200.00', '1100.00', '100.00', 1, NULL, '2024-09-04 07:05:39', '2024-09-04 07:05:39'),
(45, '3000.00', '570.00', '3570.00', '3500.00', '70.00', 1, NULL, '2024-09-04 07:06:31', '2024-09-04 07:06:31'),
(46, '5500.00', '0.00', '5500.00', '5500.00', '0.00', 1, NULL, '2024-09-06 21:22:16', '2024-09-06 21:22:29');

-- --------------------------------------------------------

--
-- Structure de la table `classe_produits`
--

CREATE TABLE `classe_produits` (
  `IDClasseProduit` bigint(20) UNSIGNED NOT NULL,
  `libelleCP` varchar(255) DEFAULT NULL,
  `UICP` int(11) DEFAULT NULL,
  `etatCP` tinyint(1) DEFAULT NULL,
  `created_at` timestamp NULL DEFAULT NULL,
  `updated_at` timestamp NULL DEFAULT NULL
) ENGINE=InnoDB DEFAULT CHARSET=utf8mb4 COLLATE=utf8mb4_unicode_ci;

--
-- Déchargement des données de la table `classe_produits`
--

INSERT INTO `classe_produits` (`IDClasseProduit`, `libelleCP`, `UICP`, `etatCP`, `created_at`, `updated_at`) VALUES
(2, 'CLASSE PRODUIT 001', 1, 1, '2023-05-18 22:19:15', '2023-05-18 22:25:32'),
(3, 'CLASSE PRODUIT 002', 1, 1, '2023-05-18 22:26:01', '2023-05-18 22:31:27'),
(4, 'CLASSE PRODUIT 003', 1, 0, '2023-05-18 22:26:07', '2023-05-19 00:30:08'),
(5, 'CLASSE PRODUIT 004', 1, 1, '2023-05-18 22:26:11', '2023-05-18 22:26:11'),
(6, 'CLASSE PRODUIT 005', 1, 1, '2023-05-18 22:26:15', '2023-05-18 22:26:15'),
(7, 'CLASSE PRODUIT 006', 1, 1, '2023-05-18 22:26:19', '2023-05-18 22:26:19'),
(8, 'CLASSE PRODUIT 007', 1, 1, '2023-05-18 22:26:24', '2023-05-18 22:26:24'),
(9, 'CLASSE PRODUIT 008', 1, 1, '2023-05-18 22:26:28', '2023-05-18 22:26:28'),
(10, 'CLASSE PRODUIT 009', 1, 1, '2023-05-18 22:26:33', '2023-05-18 22:26:33'),
(11, 'CLASSE PRODUIT 010', 1, 1, '2023-05-18 22:26:41', '2023-05-18 22:26:41'),
(12, 'CLASSE PRODUIT 011', 1, 1, '2023-05-18 22:26:46', '2023-05-18 22:26:46'),
(13, 'CLASSE PRODUIT 012', 1, 1, '2023-05-18 22:26:51', '2023-05-18 22:26:51');

-- --------------------------------------------------------

--
-- Structure de la table `clients`
--

CREATE TABLE `clients` (
  `IDClient` bigint(20) UNSIGNED NOT NULL,
  `created_at` timestamp NULL DEFAULT NULL,
  `updated_at` timestamp NULL DEFAULT NULL
) ENGINE=InnoDB DEFAULT CHARSET=utf8mb4 COLLATE=utf8mb4_unicode_ci;

-- --------------------------------------------------------

--
-- Structure de la table `compte_rendus`
--

CREATE TABLE `compte_rendus` (
  `IDCR` bigint(20) UNSIGNED NOT NULL,
  `contenuCR` text DEFAULT NULL,
  `UICR` int(11) DEFAULT NULL,
  `etatCR` int(11) DEFAULT NULL,
  `created_at` timestamp NULL DEFAULT NULL,
  `updated_at` timestamp NULL DEFAULT NULL,
  `examen_id` bigint(20) UNSIGNED DEFAULT NULL
) ENGINE=InnoDB DEFAULT CHARSET=utf8mb4 COLLATE=utf8mb4_unicode_ci;

-- --------------------------------------------------------

--
-- Structure de la table `compte_rendu_models`
--

CREATE TABLE `compte_rendu_models` (
  `IDCRM` bigint(20) UNSIGNED NOT NULL,
  `titreCRM` varchar(255) NOT NULL,
  `contenuCRM` text NOT NULL,
  `created_at` timestamp NULL DEFAULT NULL,
  `updated_at` timestamp NULL DEFAULT NULL,
  `etatCRM` int(11) DEFAULT NULL,
  `UICRM` int(11) DEFAULT NULL
) ENGINE=InnoDB DEFAULT CHARSET=utf8mb4 COLLATE=utf8mb4_unicode_ci;

--
-- Déchargement des données de la table `compte_rendu_models`
--

INSERT INTO `compte_rendu_models` (`IDCRM`, `titreCRM`, `contenuCRM`, `created_at`, `updated_at`, `etatCRM`, `UICRM`) VALUES
(2, 'qs fqsdf qsdf', 'f qsdfqsdf qsdf qs', '2023-05-20 21:44:51', '2023-05-20 21:44:51', 1, 1);

-- --------------------------------------------------------

--
-- Structure de la table `conventions`
--

CREATE TABLE `conventions` (
  `IDconv` bigint(20) UNSIGNED NOT NULL,
  `created_at` timestamp NULL DEFAULT NULL,
  `updated_at` timestamp NULL DEFAULT NULL,
  `client_id` bigint(20) UNSIGNED DEFAULT NULL
) ENGINE=InnoDB DEFAULT CHARSET=utf8mb4 COLLATE=utf8mb4_unicode_ci;

-- --------------------------------------------------------

--
-- Structure de la table `days`
--

CREATE TABLE `days` (
  `IDDay` bigint(20) UNSIGNED NOT NULL,
  `libelleDay` varchar(255) NOT NULL,
  `created_at` timestamp NULL DEFAULT NULL,
  `updated_at` timestamp NULL DEFAULT NULL
) ENGINE=InnoDB DEFAULT CHARSET=utf8mb4 COLLATE=utf8mb4_unicode_ci;

--
-- Déchargement des données de la table `days`
--

INSERT INTO `days` (`IDDay`, `libelleDay`, `created_at`, `updated_at`) VALUES
(1, 'Dimanche', NULL, NULL),
(2, 'Lundi', NULL, NULL),
(3, 'Mardi ', NULL, NULL),
(4, 'Mercredi', NULL, NULL),
(5, 'Jeudi', NULL, NULL),
(6, 'Vendredi', NULL, NULL),
(7, 'Samedi', NULL, NULL);

-- --------------------------------------------------------

--
-- Structure de la table `day_hour_shifts`
--

CREATE TABLE `day_hour_shifts` (
  `IDDHS` bigint(20) UNSIGNED NOT NULL,
  `day_id` bigint(20) UNSIGNED DEFAULT NULL,
  `shift_id` bigint(20) UNSIGNED DEFAULT NULL,
  `hour_id` bigint(20) UNSIGNED DEFAULT NULL,
  `created_at` timestamp NULL DEFAULT NULL,
  `updated_at` timestamp NULL DEFAULT NULL
) ENGINE=InnoDB DEFAULT CHARSET=utf8mb4 COLLATE=utf8mb4_unicode_ci;

--
-- Déchargement des données de la table `day_hour_shifts`
--

INSERT INTO `day_hour_shifts` (`IDDHS`, `day_id`, `shift_id`, `hour_id`, `created_at`, `updated_at`) VALUES
(71, 1, 7, 9, '2023-10-29 21:26:14', '2023-10-29 21:26:14'),
(72, 1, 7, 10, '2023-10-29 21:26:14', '2023-10-29 21:26:14'),
(73, 1, 7, 11, '2023-10-29 21:26:14', '2023-10-29 21:26:14'),
(74, 1, 7, 12, '2023-10-29 21:26:14', '2023-10-29 21:26:14'),
(75, 1, 7, 13, '2023-10-29 21:26:14', '2023-10-29 21:26:14'),
(76, 1, 7, 14, '2023-10-29 21:26:14', '2023-10-29 21:26:14'),
(77, 1, 7, 15, '2023-10-29 21:26:14', '2023-10-29 21:26:14'),
(78, 1, 7, 16, '2023-10-29 21:26:14', '2023-10-29 21:26:14'),
(79, 1, 7, 17, '2023-10-29 21:26:14', '2023-10-29 21:26:14'),
(80, 1, 7, 18, '2023-10-29 21:26:14', '2023-10-29 21:26:14'),
(81, 2, 7, 9, '2023-10-29 21:26:14', '2023-10-29 21:26:14'),
(82, 2, 7, 10, '2023-10-29 21:26:14', '2023-10-29 21:26:14'),
(83, 2, 7, 11, '2023-10-29 21:26:14', '2023-10-29 21:26:14'),
(84, 2, 7, 12, '2023-10-29 21:26:14', '2023-10-29 21:26:14'),
(85, 2, 7, 13, '2023-10-29 21:26:14', '2023-10-29 21:26:14'),
(86, 2, 7, 14, '2023-10-29 21:26:14', '2023-10-29 21:26:14'),
(87, 2, 7, 15, '2023-10-29 21:26:14', '2023-10-29 21:26:14'),
(88, 2, 7, 16, '2023-10-29 21:26:14', '2023-10-29 21:26:14'),
(89, 2, 7, 17, '2023-10-29 21:26:14', '2023-10-29 21:26:14'),
(90, 2, 7, 18, '2023-10-29 21:26:14', '2023-10-29 21:26:14'),
(91, 3, 7, 9, '2023-10-29 21:26:14', '2023-10-29 21:26:14'),
(92, 3, 7, 10, '2023-10-29 21:26:14', '2023-10-29 21:26:14'),
(93, 3, 7, 11, '2023-10-29 21:26:14', '2023-10-29 21:26:14'),
(94, 3, 7, 12, '2023-10-29 21:26:14', '2023-10-29 21:26:14'),
(95, 3, 7, 13, '2023-10-29 21:26:14', '2023-10-29 21:26:14'),
(96, 3, 7, 14, '2023-10-29 21:26:14', '2023-10-29 21:26:14'),
(97, 3, 7, 15, '2023-10-29 21:26:14', '2023-10-29 21:26:14'),
(98, 3, 7, 16, '2023-10-29 21:26:14', '2023-10-29 21:26:14'),
(99, 3, 7, 17, '2023-10-29 21:26:14', '2023-10-29 21:26:14'),
(100, 3, 7, 18, '2023-10-29 21:26:14', '2023-10-29 21:26:14'),
(101, 4, 7, 9, '2023-10-29 21:26:14', '2023-10-29 21:26:14'),
(102, 4, 7, 10, '2023-10-29 21:26:14', '2023-10-29 21:26:14'),
(103, 4, 7, 11, '2023-10-29 21:26:14', '2023-10-29 21:26:14'),
(104, 4, 7, 12, '2023-10-29 21:26:14', '2023-10-29 21:26:14'),
(105, 4, 7, 13, '2023-10-29 21:26:14', '2023-10-29 21:26:14'),
(106, 4, 7, 14, '2023-10-29 21:26:14', '2023-10-29 21:26:14'),
(107, 4, 7, 15, '2023-10-29 21:26:14', '2023-10-29 21:26:14'),
(108, 4, 7, 16, '2023-10-29 21:26:14', '2023-10-29 21:26:14'),
(109, 4, 7, 17, '2023-10-29 21:26:14', '2023-10-29 21:26:14'),
(110, 4, 7, 18, '2023-10-29 21:26:14', '2023-10-29 21:26:14'),
(111, 5, 7, 9, '2023-10-29 21:26:14', '2023-10-29 21:26:14'),
(112, 5, 7, 10, '2023-10-29 21:26:14', '2023-10-29 21:26:14'),
(113, 5, 7, 11, '2023-10-29 21:26:14', '2023-10-29 21:26:14'),
(114, 5, 7, 12, '2023-10-29 21:26:14', '2023-10-29 21:26:14'),
(115, 5, 7, 13, '2023-10-29 21:26:14', '2023-10-29 21:26:14'),
(116, 5, 7, 14, '2023-10-29 21:26:14', '2023-10-29 21:26:14'),
(117, 5, 7, 15, '2023-10-29 21:26:14', '2023-10-29 21:26:14'),
(118, 5, 7, 16, '2023-10-29 21:26:14', '2023-10-29 21:26:14'),
(119, 5, 7, 17, '2023-10-29 21:26:14', '2023-10-29 21:26:14'),
(120, 5, 7, 18, '2023-10-29 21:26:14', '2023-10-29 21:26:14'),
(121, 6, 7, 9, '2023-10-29 21:26:14', '2023-10-29 21:26:14'),
(122, 6, 7, 10, '2023-10-29 21:26:14', '2023-10-29 21:26:14'),
(123, 6, 7, 11, '2023-10-29 21:26:14', '2023-10-29 21:26:14'),
(124, 6, 7, 12, '2023-10-29 21:26:14', '2023-10-29 21:26:14'),
(125, 6, 7, 13, '2023-10-29 21:26:14', '2023-10-29 21:26:14'),
(126, 6, 7, 14, '2023-10-29 21:26:14', '2023-10-29 21:26:14'),
(127, 6, 7, 15, '2023-10-29 21:26:14', '2023-10-29 21:26:14'),
(128, 6, 7, 16, '2023-10-29 21:26:14', '2023-10-29 21:26:14'),
(129, 6, 7, 17, '2023-10-29 21:26:14', '2023-10-29 21:26:14'),
(130, 6, 7, 18, '2023-10-29 21:26:14', '2023-10-29 21:26:14'),
(131, 7, 7, 9, '2023-10-29 21:26:14', '2023-10-29 21:26:14'),
(132, 7, 7, 10, '2023-10-29 21:26:14', '2023-10-29 21:26:14'),
(133, 7, 7, 11, '2023-10-29 21:26:14', '2023-10-29 21:26:14'),
(134, 7, 7, 12, '2023-10-29 21:26:14', '2023-10-29 21:26:14'),
(135, 7, 7, 13, '2023-10-29 21:26:14', '2023-10-29 21:26:14'),
(136, 7, 7, 14, '2023-10-29 21:26:14', '2023-10-29 21:26:14'),
(137, 7, 7, 15, '2023-10-29 21:26:14', '2023-10-29 21:26:14'),
(138, 7, 7, 16, '2023-10-29 21:26:14', '2023-10-29 21:26:14'),
(139, 7, 7, 17, '2023-10-29 21:26:14', '2023-10-29 21:26:14'),
(140, 7, 7, 18, '2023-10-29 21:26:14', '2023-10-29 21:26:14'),
(141, 1, 8, 1, '2023-10-29 21:31:08', '2023-10-29 21:31:08'),
(142, 1, 8, 2, '2023-10-29 21:31:08', '2023-10-29 21:31:08'),
(143, 1, 8, 3, '2023-10-29 21:31:08', '2023-10-29 21:31:08'),
(144, 1, 8, 4, '2023-10-29 21:31:08', '2023-10-29 21:31:08'),
(145, 1, 8, 5, '2023-10-29 21:31:08', '2023-10-29 21:31:08'),
(146, 1, 8, 6, '2023-10-29 21:31:08', '2023-10-29 21:31:08'),
(147, 1, 8, 7, '2023-10-29 21:31:08', '2023-10-29 21:31:08'),
(148, 1, 8, 8, '2023-10-29 21:31:08', '2023-10-29 21:31:08'),
(149, 1, 8, 19, '2023-10-29 21:31:09', '2023-10-29 21:31:09'),
(150, 1, 8, 20, '2023-10-29 21:31:09', '2023-10-29 21:31:09'),
(151, 1, 8, 21, '2023-10-29 21:31:09', '2023-10-29 21:31:09'),
(152, 1, 8, 22, '2023-10-29 21:31:09', '2023-10-29 21:31:09'),
(153, 1, 8, 23, '2023-10-29 21:31:09', '2023-10-29 21:31:09'),
(154, 1, 8, 24, '2023-10-29 21:31:09', '2023-10-29 21:31:09'),
(155, 2, 8, 1, '2023-10-29 21:31:09', '2023-10-29 21:31:09'),
(156, 2, 8, 2, '2023-10-29 21:31:09', '2023-10-29 21:31:09'),
(157, 2, 8, 3, '2023-10-29 21:31:09', '2023-10-29 21:31:09'),
(158, 2, 8, 4, '2023-10-29 21:31:09', '2023-10-29 21:31:09'),
(159, 2, 8, 5, '2023-10-29 21:31:09', '2023-10-29 21:31:09'),
(160, 2, 8, 6, '2023-10-29 21:31:09', '2023-10-29 21:31:09'),
(161, 2, 8, 7, '2023-10-29 21:31:09', '2023-10-29 21:31:09'),
(162, 2, 8, 8, '2023-10-29 21:31:09', '2023-10-29 21:31:09'),
(163, 2, 8, 19, '2023-10-29 21:31:09', '2023-10-29 21:31:09'),
(164, 2, 8, 20, '2023-10-29 21:31:09', '2023-10-29 21:31:09'),
(165, 2, 8, 21, '2023-10-29 21:31:09', '2023-10-29 21:31:09'),
(166, 2, 8, 22, '2023-10-29 21:31:09', '2023-10-29 21:31:09'),
(167, 2, 8, 23, '2023-10-29 21:31:09', '2023-10-29 21:31:09'),
(168, 2, 8, 24, '2023-10-29 21:31:09', '2023-10-29 21:31:09'),
(169, 3, 8, 1, '2023-10-29 21:31:09', '2023-10-29 21:31:09'),
(170, 3, 8, 2, '2023-10-29 21:31:09', '2023-10-29 21:31:09'),
(171, 3, 8, 3, '2023-10-29 21:31:09', '2023-10-29 21:31:09'),
(172, 3, 8, 4, '2023-10-29 21:31:09', '2023-10-29 21:31:09'),
(173, 3, 8, 5, '2023-10-29 21:31:09', '2023-10-29 21:31:09'),
(174, 3, 8, 6, '2023-10-29 21:31:09', '2023-10-29 21:31:09'),
(175, 3, 8, 7, '2023-10-29 21:31:09', '2023-10-29 21:31:09'),
(176, 3, 8, 8, '2023-10-29 21:31:09', '2023-10-29 21:31:09'),
(177, 3, 8, 19, '2023-10-29 21:31:09', '2023-10-29 21:31:09'),
(178, 3, 8, 20, '2023-10-29 21:31:09', '2023-10-29 21:31:09'),
(179, 3, 8, 21, '2023-10-29 21:31:09', '2023-10-29 21:31:09'),
(180, 3, 8, 22, '2023-10-29 21:31:09', '2023-10-29 21:31:09'),
(181, 3, 8, 23, '2023-10-29 21:31:09', '2023-10-29 21:31:09'),
(182, 3, 8, 24, '2023-10-29 21:31:09', '2023-10-29 21:31:09'),
(183, 4, 8, 1, '2023-10-29 21:31:09', '2023-10-29 21:31:09'),
(184, 4, 8, 2, '2023-10-29 21:31:09', '2023-10-29 21:31:09'),
(185, 4, 8, 3, '2023-10-29 21:31:09', '2023-10-29 21:31:09'),
(186, 4, 8, 4, '2023-10-29 21:31:09', '2023-10-29 21:31:09'),
(187, 4, 8, 5, '2023-10-29 21:31:09', '2023-10-29 21:31:09'),
(188, 4, 8, 6, '2023-10-29 21:31:09', '2023-10-29 21:31:09'),
(189, 4, 8, 7, '2023-10-29 21:31:09', '2023-10-29 21:31:09'),
(190, 4, 8, 8, '2023-10-29 21:31:09', '2023-10-29 21:31:09'),
(191, 4, 8, 19, '2023-10-29 21:31:09', '2023-10-29 21:31:09'),
(192, 4, 8, 20, '2023-10-29 21:31:09', '2023-10-29 21:31:09'),
(193, 4, 8, 21, '2023-10-29 21:31:09', '2023-10-29 21:31:09'),
(194, 4, 8, 22, '2023-10-29 21:31:09', '2023-10-29 21:31:09'),
(195, 4, 8, 23, '2023-10-29 21:31:09', '2023-10-29 21:31:09'),
(196, 4, 8, 24, '2023-10-29 21:31:09', '2023-10-29 21:31:09'),
(197, 5, 8, 1, '2023-10-29 21:31:09', '2023-10-29 21:31:09'),
(198, 5, 8, 2, '2023-10-29 21:31:09', '2023-10-29 21:31:09'),
(199, 5, 8, 3, '2023-10-29 21:31:09', '2023-10-29 21:31:09'),
(200, 5, 8, 4, '2023-10-29 21:31:09', '2023-10-29 21:31:09'),
(201, 5, 8, 5, '2023-10-29 21:31:09', '2023-10-29 21:31:09'),
(202, 5, 8, 6, '2023-10-29 21:31:09', '2023-10-29 21:31:09'),
(203, 5, 8, 7, '2023-10-29 21:31:09', '2023-10-29 21:31:09'),
(204, 5, 8, 8, '2023-10-29 21:31:09', '2023-10-29 21:31:09'),
(205, 5, 8, 19, '2023-10-29 21:31:09', '2023-10-29 21:31:09'),
(206, 5, 8, 20, '2023-10-29 21:31:09', '2023-10-29 21:31:09'),
(207, 5, 8, 21, '2023-10-29 21:31:09', '2023-10-29 21:31:09'),
(208, 5, 8, 22, '2023-10-29 21:31:09', '2023-10-29 21:31:09'),
(209, 5, 8, 23, '2023-10-29 21:31:09', '2023-10-29 21:31:09'),
(210, 5, 8, 24, '2023-10-29 21:31:09', '2023-10-29 21:31:09'),
(211, 6, 8, 1, '2023-10-29 21:31:09', '2023-10-29 21:31:09'),
(212, 6, 8, 2, '2023-10-29 21:31:09', '2023-10-29 21:31:09'),
(213, 6, 8, 3, '2023-10-29 21:31:09', '2023-10-29 21:31:09'),
(214, 6, 8, 4, '2023-10-29 21:31:09', '2023-10-29 21:31:09'),
(215, 6, 8, 5, '2023-10-29 21:31:09', '2023-10-29 21:31:09'),
(216, 6, 8, 6, '2023-10-29 21:31:09', '2023-10-29 21:31:09'),
(217, 6, 8, 7, '2023-10-29 21:31:09', '2023-10-29 21:31:09'),
(218, 6, 8, 8, '2023-10-29 21:31:09', '2023-10-29 21:31:09'),
(219, 6, 8, 19, '2023-10-29 21:31:09', '2023-10-29 21:31:09'),
(220, 6, 8, 20, '2023-10-29 21:31:09', '2023-10-29 21:31:09'),
(221, 6, 8, 21, '2023-10-29 21:31:09', '2023-10-29 21:31:09'),
(222, 6, 8, 22, '2023-10-29 21:31:09', '2023-10-29 21:31:09'),
(223, 6, 8, 23, '2023-10-29 21:31:09', '2023-10-29 21:31:09'),
(224, 6, 8, 24, '2023-10-29 21:31:09', '2023-10-29 21:31:09'),
(225, 7, 8, 1, '2023-10-29 21:31:09', '2023-10-29 21:31:09'),
(226, 7, 8, 2, '2023-10-29 21:31:09', '2023-10-29 21:31:09'),
(227, 7, 8, 3, '2023-10-29 21:31:09', '2023-10-29 21:31:09'),
(228, 7, 8, 4, '2023-10-29 21:31:09', '2023-10-29 21:31:09'),
(229, 7, 8, 5, '2023-10-29 21:31:09', '2023-10-29 21:31:09'),
(230, 7, 8, 6, '2023-10-29 21:31:09', '2023-10-29 21:31:09'),
(231, 7, 8, 7, '2023-10-29 21:31:09', '2023-10-29 21:31:09'),
(232, 7, 8, 8, '2023-10-29 21:31:09', '2023-10-29 21:31:09'),
(233, 7, 8, 19, '2023-10-29 21:31:09', '2023-10-29 21:31:09'),
(234, 7, 8, 20, '2023-10-29 21:31:09', '2023-10-29 21:31:09'),
(235, 7, 8, 21, '2023-10-29 21:31:09', '2023-10-29 21:31:09'),
(236, 7, 8, 22, '2023-10-29 21:31:09', '2023-10-29 21:31:09'),
(237, 7, 8, 23, '2023-10-29 21:31:09', '2023-10-29 21:31:09'),
(238, 7, 8, 24, '2023-10-29 21:31:09', '2023-10-29 21:31:09'),
(239, 3, 9, 3, '2024-09-01 10:59:19', '2024-09-01 10:59:19'),
(240, 3, 9, 4, '2024-09-01 10:59:19', '2024-09-01 10:59:19'),
(241, 3, 9, 5, '2024-09-01 10:59:19', '2024-09-01 10:59:19'),
(242, 3, 9, 6, '2024-09-01 10:59:19', '2024-09-01 10:59:19');

-- --------------------------------------------------------

--
-- Structure de la table `etat_caisses`
--

CREATE TABLE `etat_caisses` (
  `id` bigint(20) UNSIGNED NOT NULL,
  `liblleEtatCiasse` varchar(255) NOT NULL,
  `created_at` timestamp NULL DEFAULT NULL,
  `updated_at` timestamp NULL DEFAULT NULL
) ENGINE=InnoDB DEFAULT CHARSET=utf8mb4 COLLATE=utf8mb4_unicode_ci;

--
-- Déchargement des données de la table `etat_caisses`
--

INSERT INTO `etat_caisses` (`id`, `liblleEtatCiasse`, `created_at`, `updated_at`) VALUES
(1, 'Paiment Total', NULL, NULL),
(2, 'Reste a paiyee', NULL, NULL),
(3, 'solde avce tranche', NULL, NULL);

-- --------------------------------------------------------

--
-- Structure de la table `etudes`
--

CREATE TABLE `etudes` (
  `IDEtude` bigint(20) UNSIGNED NOT NULL,
  `libelleEtude` varchar(255) DEFAULT NULL,
  `UIEtude` int(11) DEFAULT NULL,
  `etatEtude` tinyint(1) DEFAULT NULL,
  `created_at` timestamp NULL DEFAULT NULL,
  `updated_at` timestamp NULL DEFAULT NULL,
  `service_id` bigint(20) UNSIGNED DEFAULT NULL
) ENGINE=InnoDB DEFAULT CHARSET=utf8mb4 COLLATE=utf8mb4_unicode_ci;

--
-- Déchargement des données de la table `etudes`
--

INSERT INTO `etudes` (`IDEtude`, `libelleEtude`, `UIEtude`, `etatEtude`, `created_at`, `updated_at`, `service_id`) VALUES
(39, 'ABDO', 1, 1, '2023-10-29 21:33:36', '2023-11-11 22:27:41', 1),
(40, 'ABDOPELV', 1, 1, '2023-10-29 21:34:34', '2023-11-11 22:40:56', 3),
(41, 'CHEVILLE', 1, 1, '2023-10-29 21:35:00', '2023-11-11 22:29:36', 4),
(42, 'COMP MAMMO', 1, 1, '2023-11-17 20:35:22', '2023-11-17 20:35:22', 1),
(43, 'COUDE', 1, 1, '2023-11-17 20:35:53', '2023-11-17 20:35:53', 1),
(45, 'DOPP 1 MB INF', 1, 1, '2023-11-17 20:39:30', '2023-11-17 20:39:30', 4);

-- --------------------------------------------------------

--
-- Structure de la table `examens`
--

CREATE TABLE `examens` (
  `IDExamen` bigint(20) UNSIGNED NOT NULL,
  `dateEffetExam` date DEFAULT NULL,
  `radiologue_id` int(11) DEFAULT NULL,
  `UIExam` int(11) DEFAULT NULL,
  `RDVExam` int(11) DEFAULT NULL,
  `created_at` timestamp NULL DEFAULT NULL,
  `updated_at` timestamp NULL DEFAULT NULL,
  `patient_id` bigint(20) UNSIGNED DEFAULT NULL,
  `produit_id` bigint(20) UNSIGNED DEFAULT NULL,
  `class_produit_id` bigint(20) UNSIGNED DEFAULT NULL,
  `etude_id` bigint(20) UNSIGNED DEFAULT NULL,
  `service_id` bigint(20) UNSIGNED DEFAULT NULL,
  `prescripeur_id` bigint(20) UNSIGNED DEFAULT NULL
) ENGINE=InnoDB DEFAULT CHARSET=utf8mb4 COLLATE=utf8mb4_unicode_ci;

--
-- Déchargement des données de la table `examens`
--

INSERT INTO `examens` (`IDExamen`, `dateEffetExam`, `radiologue_id`, `UIExam`, `RDVExam`, `created_at`, `updated_at`, `patient_id`, `produit_id`, `class_produit_id`, `etude_id`, `service_id`, `prescripeur_id`) VALUES
(64, NULL, 8, 1, NULL, '2024-01-30 20:50:46', '2024-01-30 20:50:46', 14, NULL, NULL, 42, 1, NULL),
(65, NULL, 7, 1, NULL, '2024-02-01 23:36:55', '2024-02-01 23:36:55', 9, NULL, NULL, 43, 1, NULL),
(66, NULL, 8, 1, NULL, '2024-02-01 23:36:55', '2024-02-01 23:36:55', 9, NULL, NULL, 42, 1, NULL),
(67, NULL, 22, 1, NULL, '2024-02-02 22:41:04', '2024-02-02 22:41:04', 9, NULL, NULL, 42, 1, NULL),
(68, NULL, 7, 1, NULL, '2024-02-03 00:02:32', '2024-02-03 00:02:32', 14, 5, NULL, 43, 1, NULL),
(69, NULL, 7, 1, NULL, '2024-02-03 00:02:32', '2024-02-03 00:02:32', 14, 4, NULL, 42, 1, NULL),
(70, NULL, 8, 1, NULL, '2024-02-03 20:11:50', '2024-02-03 20:11:50', 9, 4, NULL, 42, 1, NULL),
(71, NULL, 8, 1, NULL, '2024-02-14 21:16:28', '2024-02-14 21:16:28', 14, 4, NULL, 42, 1, NULL),
(72, NULL, 12, 1, NULL, '2024-02-14 21:16:28', '2024-02-14 21:16:28', 14, 4, NULL, 42, 1, NULL),
(73, NULL, 8, 1, NULL, '2024-09-01 10:55:53', '2024-09-01 10:55:53', 7, 4, NULL, 42, 1, NULL),
(74, NULL, 22, 1, NULL, '2024-09-04 07:05:39', '2024-09-04 07:05:39', 7, NULL, NULL, 42, 1, NULL),
(75, NULL, 8, 1, NULL, '2024-09-04 07:06:31', '2024-09-04 07:06:31', 7, 4, NULL, 43, 1, NULL),
(76, NULL, 8, 1, NULL, '2024-09-06 21:22:16', '2024-09-06 21:22:16', 9, 4, NULL, 42, 1, NULL);

-- --------------------------------------------------------

--
-- Structure de la table `failed_jobs`
--

CREATE TABLE `failed_jobs` (
  `id` bigint(20) UNSIGNED NOT NULL,
  `uuid` varchar(255) NOT NULL,
  `connection` text NOT NULL,
  `queue` text NOT NULL,
  `payload` longtext NOT NULL,
  `exception` longtext NOT NULL,
  `failed_at` timestamp NOT NULL DEFAULT current_timestamp()
) ENGINE=InnoDB DEFAULT CHARSET=utf8mb4 COLLATE=utf8mb4_unicode_ci;

-- --------------------------------------------------------

--
-- Structure de la table `hours`
--

CREATE TABLE `hours` (
  `IDHour` bigint(20) UNSIGNED NOT NULL,
  `libelleHour` varchar(255) NOT NULL,
  `created_at` timestamp NULL DEFAULT NULL,
  `updated_at` timestamp NULL DEFAULT NULL
) ENGINE=InnoDB DEFAULT CHARSET=utf8mb4 COLLATE=utf8mb4_unicode_ci;

--
-- Déchargement des données de la table `hours`
--

INSERT INTO `hours` (`IDHour`, `libelleHour`, `created_at`, `updated_at`) VALUES
(1, '00', NULL, NULL),
(2, '01', NULL, NULL),
(3, '02', NULL, NULL),
(4, '03', NULL, NULL),
(5, '04', NULL, NULL),
(6, '05', NULL, NULL),
(7, '06', NULL, NULL),
(8, '07', NULL, NULL),
(9, '08', NULL, NULL),
(10, '09', NULL, NULL),
(11, '10', NULL, NULL),
(12, '11', NULL, NULL),
(13, '12', NULL, NULL),
(14, '13', NULL, NULL),
(15, '14', NULL, NULL),
(16, '15', NULL, NULL),
(17, '16', NULL, NULL),
(18, '17', NULL, NULL),
(19, '18', NULL, NULL),
(20, '19', NULL, NULL),
(21, '20', NULL, NULL),
(22, '21', NULL, NULL),
(23, '22', NULL, NULL),
(24, '23', NULL, NULL);

-- --------------------------------------------------------

--
-- Structure de la table `liens`
--

CREATE TABLE `liens` (
  `IDLien` bigint(20) UNSIGNED NOT NULL,
  `url` varchar(255) DEFAULT NULL,
  `root` varchar(255) DEFAULT NULL,
  `nomUrl` varchar(255) DEFAULT NULL,
  `icon` varchar(255) DEFAULT NULL,
  `parent` int(11) DEFAULT NULL,
  `type` int(11) DEFAULT NULL,
  `created_at` timestamp NULL DEFAULT NULL,
  `updated_at` timestamp NULL DEFAULT NULL
) ENGINE=InnoDB DEFAULT CHARSET=utf8mb4 COLLATE=utf8mb4_unicode_ci;

--
-- Déchargement des données de la table `liens`
--

INSERT INTO `liens` (`IDLien`, `url`, `root`, `nomUrl`, `icon`, `parent`, `type`, `created_at`, `updated_at`) VALUES
(1, '/users', '/users', 'Gestion Utilisateurs', 'fa fa-user-md', 11, 1, NULL, NULL),
(3, '/planingue', '/planingue', 'Planingue', 'fa fa-calendar', NULL, 1, NULL, NULL),
(4, '/accueil', '/accueil', 'Accueil', 'fa fa-home', NULL, 1, NULL, NULL),
(5, '/paiement', '/paiement', 'Paiement', 'fas fa-usd', NULL, 1, NULL, NULL),
(6, '/compte-rendu', '/compte-rendu', 'Compte Rendu', 'fa fa-heartbeat ', NULL, 1, NULL, NULL),
(7, '/resultats', '/resultats', 'Resultats', 'fa fa-folder', NULL, 1, NULL, NULL),
(8, '/historique', '/historique', 'Historique', 'fa fa-history', NULL, 1, NULL, NULL),
(9, '/reporting', '/reporting', 'Reporting', 'fa fa-file-word', NULL, 1, NULL, NULL),
(10, '/facturation', '/facturation', 'Facturation', 'fa fa-calculator', NULL, 1, NULL, NULL),
(11, '', NULL, 'Administration', 'fa fa-cogs', NULL, 2, NULL, NULL),
(12, '/produit', '/produit', 'Produit', 'fa fa-cog', 11, 1, NULL, NULL),
(13, '/class-produit', '/class-produit', 'Class produit', 'fa fa-cog', 11, 1, NULL, NULL),
(14, '/crm', '/crm', 'Modèles Compte Rendu', 'fa fa-cog', 11, 1, NULL, NULL),
(15, '/service', '/service', 'Service', 'fa fa-cog', 11, 1, NULL, NULL),
(23, '/etude', '/etude', 'Etude', 'fa fa-cog', 11, 1, NULL, NULL),
(25, '/antecedent', '/antecedent', 'Antecedent', 'fa fa-cog', 11, 1, NULL, NULL),
(26, '/shift', '/shift', 'Horaire des quarts', 'fa fa-cog', 11, 1, NULL, NULL);

-- --------------------------------------------------------

--
-- Structure de la table `lien_users`
--

CREATE TABLE `lien_users` (
  `IDLienUser` bigint(20) UNSIGNED NOT NULL,
  `user_id` bigint(20) UNSIGNED DEFAULT NULL,
  `lien_id` bigint(20) UNSIGNED DEFAULT NULL,
  `created_at` timestamp NULL DEFAULT NULL,
  `updated_at` timestamp NULL DEFAULT NULL
) ENGINE=InnoDB DEFAULT CHARSET=utf8mb4 COLLATE=utf8mb4_unicode_ci;

--
-- Déchargement des données de la table `lien_users`
--

INSERT INTO `lien_users` (`IDLienUser`, `user_id`, `lien_id`, `created_at`, `updated_at`) VALUES
(53, 16, 3, '2023-05-12 22:17:41', '2023-05-12 22:17:41'),
(54, 16, 4, '2023-05-12 22:17:41', '2023-05-12 22:17:41'),
(55, 16, 5, '2023-05-12 22:17:41', '2023-05-12 22:17:41'),
(56, 16, 8, '2023-05-12 22:17:41', '2023-05-12 22:17:41'),
(57, 16, 9, '2023-05-12 22:17:41', '2023-05-12 22:17:41'),
(190, 15, 3, '2023-05-13 21:36:56', '2023-05-13 21:36:56'),
(191, 15, 4, '2023-05-13 21:36:56', '2023-05-13 21:36:56'),
(192, 15, 5, '2023-05-13 21:36:56', '2023-05-13 21:36:56'),
(193, 15, 8, '2023-05-13 21:36:56', '2023-05-13 21:36:56'),
(194, 15, 9, '2023-05-13 21:36:56', '2023-05-13 21:36:56'),
(195, 15, 10, '2023-05-13 21:36:56', '2023-05-13 21:36:56'),
(196, 15, 12, '2023-05-13 21:36:56', '2023-05-13 21:36:56'),
(197, 15, 15, '2023-05-13 21:36:56', '2023-05-13 21:36:56'),
(198, 15, 11, '2023-05-13 21:36:56', '2023-05-13 21:36:56'),
(199, 15, 6, '2023-05-13 21:36:56', '2023-05-13 21:36:56'),
(214, 21, 3, '2023-05-13 21:38:09', '2023-05-13 21:38:09'),
(215, 21, 7, '2023-05-13 21:38:09', '2023-05-13 21:38:09'),
(216, 21, 8, '2023-05-13 21:38:09', '2023-05-13 21:38:09'),
(217, 21, 11, '2023-05-13 21:38:09', '2023-05-13 21:38:09'),
(218, 21, 13, '2023-05-13 21:38:09', '2023-05-13 21:38:09'),
(219, 21, 4, '2023-05-13 21:38:09', '2023-05-13 21:38:09'),
(220, 21, 9, '2023-05-13 21:38:09', '2023-05-13 21:38:09'),
(230, 14, 3, '2023-05-13 21:40:40', '2023-05-13 21:40:40'),
(231, 14, 4, '2023-05-13 21:40:40', '2023-05-13 21:40:40'),
(232, 14, 5, '2023-05-13 21:40:40', '2023-05-13 21:40:40'),
(233, 14, 9, '2023-05-13 21:40:40', '2023-05-13 21:40:40'),
(234, 14, 10, '2023-05-13 21:40:40', '2023-05-13 21:40:40'),
(235, 14, 12, '2023-05-13 21:40:40', '2023-05-13 21:40:40'),
(236, 14, 15, '2023-05-13 21:40:40', '2023-05-13 21:40:40'),
(237, 14, 11, '2023-05-13 21:40:40', '2023-05-13 21:40:40'),
(238, 14, 8, '2023-05-13 21:40:40', '2023-05-13 21:40:40'),
(242, 17, 3, '2023-05-13 21:43:03', '2023-05-13 21:43:03'),
(243, 17, 8, '2023-05-13 21:43:03', '2023-05-13 21:43:03'),
(244, 17, 4, '2023-05-13 21:43:03', '2023-05-13 21:43:03'),
(245, 17, 5, '2023-05-13 21:43:03', '2023-05-13 21:43:03'),
(246, 17, 9, '2023-05-13 21:43:03', '2023-05-13 21:43:03'),
(247, 17, 11, '2023-05-13 21:43:03', '2023-05-13 21:43:03'),
(248, 17, 1, '2023-05-13 21:43:03', '2023-05-13 21:43:03'),
(277, 10, 1, '2023-05-13 21:54:06', '2023-05-13 21:54:06'),
(278, 10, 12, '2023-05-13 21:54:06', '2023-05-13 21:54:06'),
(279, 10, 13, '2023-05-13 21:54:06', '2023-05-13 21:54:06'),
(280, 10, 14, '2023-05-13 21:54:06', '2023-05-13 21:54:06'),
(281, 10, 15, '2023-05-13 21:54:06', '2023-05-13 21:54:06'),
(282, 10, 11, '2023-05-13 21:54:06', '2023-05-13 21:54:06'),
(283, 10, 5, '2023-05-13 21:54:06', '2023-05-13 21:54:06'),
(284, 10, 9, '2023-05-13 21:54:06', '2023-05-13 21:54:06'),
(285, 10, 8, '2023-05-13 21:54:06', '2023-05-13 21:54:06'),
(286, 10, 4, '2023-05-13 21:54:06', '2023-05-13 21:54:06'),
(287, 10, 7, '2023-05-13 21:54:06', '2023-05-13 21:54:06'),
(288, 10, 3, '2023-05-13 21:54:06', '2023-05-13 21:54:06'),
(289, 10, 10, '2023-05-13 21:54:06', '2023-05-13 21:54:06'),
(290, 10, 6, '2023-05-13 21:54:06', '2023-05-13 21:54:06'),
(520, 11, 1, '2023-06-01 22:23:12', '2023-06-01 22:23:12'),
(521, 11, 12, '2023-06-01 22:23:12', '2023-06-01 22:23:12'),
(522, 11, 13, '2023-06-01 22:23:12', '2023-06-01 22:23:12'),
(523, 11, 14, '2023-06-01 22:23:12', '2023-06-01 22:23:12'),
(524, 11, 15, '2023-06-01 22:23:12', '2023-06-01 22:23:12'),
(525, 11, 11, '2023-06-01 22:23:12', '2023-06-01 22:23:12'),
(526, 12, 3, '2023-06-01 22:23:50', '2023-06-01 22:23:50'),
(527, 12, 4, '2023-06-01 22:23:50', '2023-06-01 22:23:50'),
(528, 12, 5, '2023-06-01 22:23:50', '2023-06-01 22:23:50'),
(529, 12, 8, '2023-06-01 22:23:50', '2023-06-01 22:23:50'),
(530, 12, 9, '2023-06-01 22:23:50', '2023-06-01 22:23:50'),
(531, 12, 10, '2023-06-01 22:23:50', '2023-06-01 22:23:50'),
(532, 12, 12, '2023-06-01 22:23:50', '2023-06-01 22:23:50'),
(533, 12, 15, '2023-06-01 22:23:50', '2023-06-01 22:23:50'),
(534, 12, 11, '2023-06-01 22:23:50', '2023-06-01 22:23:50'),
(601, 22, 4, '2023-10-06 13:42:26', '2023-10-06 13:42:26'),
(602, 22, 6, '2023-10-06 13:42:26', '2023-10-06 13:42:26'),
(603, 22, 10, '2023-10-06 13:42:26', '2023-10-06 13:42:26'),
(604, 22, 9, '2023-10-06 13:42:26', '2023-10-06 13:42:26'),
(605, 22, 8, '2023-10-06 13:42:26', '2023-10-06 13:42:26'),
(606, 22, 7, '2023-10-06 13:42:26', '2023-10-06 13:42:26'),
(607, 22, 3, '2023-10-06 13:42:26', '2023-10-06 13:42:26'),
(608, 22, 1, '2023-10-06 13:42:26', '2023-10-06 13:42:26'),
(609, 22, 12, '2023-10-06 13:42:26', '2023-10-06 13:42:26'),
(610, 22, 13, '2023-10-06 13:42:26', '2023-10-06 13:42:26'),
(611, 22, 14, '2023-10-06 13:42:26', '2023-10-06 13:42:26'),
(612, 22, 15, '2023-10-06 13:42:26', '2023-10-06 13:42:26'),
(613, 22, 23, '2023-10-06 13:42:26', '2023-10-06 13:42:26'),
(614, 22, 25, '2023-10-06 13:42:26', '2023-10-06 13:42:26'),
(615, 22, 11, '2023-10-06 13:42:26', '2023-10-06 13:42:26'),
(638, 25, 3, '2023-11-09 23:24:45', '2023-11-09 23:24:45'),
(639, 25, 7, '2023-11-09 23:24:45', '2023-11-09 23:24:45'),
(640, 25, 4, '2023-11-09 23:24:45', '2023-11-09 23:24:45'),
(641, 25, 8, '2023-11-09 23:24:45', '2023-11-09 23:24:45'),
(660, 29, 4, '2023-11-18 22:47:19', '2023-11-18 22:47:19'),
(661, 29, 8, '2023-11-18 22:47:19', '2023-11-18 22:47:19'),
(662, 29, 9, '2023-11-18 22:47:19', '2023-11-18 22:47:19'),
(663, 29, 5, '2023-11-18 22:47:19', '2023-11-18 22:47:19'),
(664, 8, 1, '2023-11-18 22:48:18', '2023-11-18 22:48:18'),
(665, 8, 8, '2023-11-18 22:48:18', '2023-11-18 22:48:18'),
(666, 8, 4, '2023-11-18 22:48:18', '2023-11-18 22:48:18'),
(667, 1, 3, '2023-12-31 20:27:48', '2023-12-31 20:27:48'),
(668, 1, 7, '2023-12-31 20:27:48', '2023-12-31 20:27:48'),
(669, 1, 8, '2023-12-31 20:27:48', '2023-12-31 20:27:48'),
(670, 1, 5, '2023-12-31 20:27:48', '2023-12-31 20:27:48'),
(671, 1, 9, '2023-12-31 20:27:48', '2023-12-31 20:27:48'),
(672, 1, 6, '2023-12-31 20:27:48', '2023-12-31 20:27:48'),
(673, 1, 1, '2023-12-31 20:27:48', '2023-12-31 20:27:48'),
(674, 1, 12, '2023-12-31 20:27:48', '2023-12-31 20:27:48'),
(675, 1, 13, '2023-12-31 20:27:48', '2023-12-31 20:27:48'),
(676, 1, 14, '2023-12-31 20:27:48', '2023-12-31 20:27:48'),
(677, 1, 15, '2023-12-31 20:27:48', '2023-12-31 20:27:48'),
(678, 1, 23, '2023-12-31 20:27:48', '2023-12-31 20:27:48'),
(679, 1, 11, '2023-12-31 20:27:48', '2023-12-31 20:27:48'),
(680, 1, 10, '2023-12-31 20:27:48', '2023-12-31 20:27:48'),
(681, 1, 25, '2023-12-31 20:27:48', '2023-12-31 20:27:48'),
(682, 1, 4, '2023-12-31 20:27:48', '2023-12-31 20:27:48'),
(683, 1, 26, '2023-12-31 20:27:48', '2023-12-31 20:27:48');

-- --------------------------------------------------------

--
-- Structure de la table `migrations`
--

CREATE TABLE `migrations` (
  `id` int(10) UNSIGNED NOT NULL,
  `migration` varchar(255) NOT NULL,
  `batch` int(11) NOT NULL
) ENGINE=InnoDB DEFAULT CHARSET=utf8mb4 COLLATE=utf8mb4_unicode_ci;

--
-- Déchargement des données de la table `migrations`
--

INSERT INTO `migrations` (`id`, `migration`, `batch`) VALUES
(1, '2014_10_12_000000_create_users_table', 1),
(2, '2014_10_12_100000_create_password_resets_table', 1),
(3, '2019_08_19_000000_create_failed_jobs_table', 1),
(4, '2019_12_14_000001_create_personal_access_tokens_table', 1),
(5, '2023_01_09_140950_create_antecedents_table', 1),
(6, '2023_01_09_141448_create_classe_produits_table', 1),
(7, '2023_01_09_212444_create_compte_rendus_table', 1),
(8, '2023_01_14_202019_create_conventions_table', 1),
(9, '2023_01_14_223332_create_etudes_table', 1),
(10, '2023_01_14_223549_create_examens_table', 1),
(11, '2023_01_14_224017_create_paiements_table', 1),
(12, '2023_01_14_224736_create_patients_table', 1),
(13, '2023_01_17_100148_create_prescripteurs_table', 1),
(14, '2023_01_17_100417_create_prix_exams_table', 1),
(15, '2023_01_17_101649_create_prix_produits_table', 1),
(16, '2023_01_17_102832_create_produits_table', 1),
(17, '2023_01_17_103329_create_r_d_v_s_table', 1),
(18, '2023_01_17_104254_create_services_table', 1),
(19, '2023_01_17_104536_create_wilayas_table', 1),
(20, '2023_01_17_105231_create_user_metiers_table', 1),
(21, '2023_01_17_110228_create_validation_c_r_s_table', 1),
(22, '2023_01_17_135141_create_clients_table', 1),
(23, '2023_01_17_135211_add_colume_foreign_key_convention_table', 1),
(24, '2023_01_17_135350_add_colume_foreign_key_users_table', 1),
(25, '2023_01_17_140532_add_colume_foreign_key_prix_produits_table', 1),
(26, '2023_01_17_141508_add_colume_foreign_key_produits_table', 1),
(27, '2023_01_17_141718_add_colume_foreign_key_patients_table', 1),
(28, '2023_01_17_141912_add_colume_foreign_key_rdv_table', 1),
(29, '2023_01_17_142151_add_colume_foreign_key_prix_exam_table', 1),
(30, '2023_01_17_142734_add_colume_foreign_key_examen_table', 1),
(31, '2023_01_17_144255_add_colume_foreign_key_compte_rendus_table', 1),
(32, '2023_01_17_145135_add_colume_foreign_key_validation_c_r_table', 1),
(33, '2023_01_17_145404_add_colume_foreign_key_paiements_table', 1),
(34, '2023_01_24_123629_create_liens_table', 1),
(35, '2023_01_24_123645_create_lien_users_table', 1),
(37, '2023_05_15_193715_create_compte_rendu_models_table', 2),
(38, '2023_05_29_223253_create_antecedent_examens_table', 3),
(41, '2023_06_01_212952_add_service_id_to_etude_table', 4),
(42, '2023_06_10_005241_create_antecedant_examen_table', 5),
(43, '2023_06_10_224948_create_caisses_table', 6),
(44, '2023_06_10_230220_create_versements_table', 7),
(45, '2023_06_10_230826_create_etat_caisses_table', 7),
(46, '2023_10_11_210324_create_shifts_table', 8),
(47, '2023_10_12_220341_add_colume_foreign_key_shift_id', 8),
(48, '2023_10_21_215901_create_days_table', 9),
(49, '2023_10_21_220234_create_hours_table', 9),
(50, '2023_10_21_220312_create_day_hour_shifts_table', 9),
(53, '2023_11_17_235005_create_mode_paiements_table', 10),
(54, '2024_02_03_194408_add_colume_tva_caisses_table', 11);

-- --------------------------------------------------------

--
-- Structure de la table `mode_paiements`
--

CREATE TABLE `mode_paiements` (
  `id` bigint(20) UNSIGNED NOT NULL,
  `user_id` bigint(20) UNSIGNED NOT NULL,
  `etude_id` bigint(20) UNSIGNED NOT NULL,
  `shift_id` bigint(20) UNSIGNED NOT NULL,
  `service_id` int(11) NOT NULL,
  `pourcentage` int(11) NOT NULL,
  `pourcentageSRV` int(11) DEFAULT NULL,
  `value` int(11) NOT NULL,
  `valueSRV` int(11) DEFAULT NULL,
  `created_at` timestamp NULL DEFAULT NULL,
  `updated_at` timestamp NULL DEFAULT NULL
) ENGINE=InnoDB DEFAULT CHARSET=utf8mb4 COLLATE=utf8mb4_unicode_ci;

--
-- Déchargement des données de la table `mode_paiements`
--

INSERT INTO `mode_paiements` (`id`, `user_id`, `etude_id`, `shift_id`, `service_id`, `pourcentage`, `pourcentageSRV`, `value`, `valueSRV`, `created_at`, `updated_at`) VALUES
(13, 29, 39, 7, 1, 1, 1, 15, 15, '2023-11-18 22:47:19', '2023-11-18 22:47:19'),
(14, 29, 39, 8, 1, 1, 1, 20, 30, '2023-11-18 22:47:19', '2023-11-18 22:47:19'),
(15, 29, 42, 7, 1, 0, 1, 600, 15, '2023-11-18 22:47:19', '2023-11-18 22:47:19'),
(16, 29, 42, 8, 1, 0, 1, 800, 30, '2023-11-18 22:47:19', '2023-11-18 22:47:19'),
(17, 29, 43, 7, 1, 0, 1, 150, 15, '2023-11-18 22:47:19', '2023-11-18 22:47:19'),
(18, 29, 43, 8, 1, 0, 1, 200, 30, '2023-11-18 22:47:19', '2023-11-18 22:47:19'),
(19, 29, 40, 7, 3, 1, 0, 20, 20, '2023-11-18 22:47:19', '2023-11-18 22:47:19'),
(20, 29, 40, 8, 3, 1, 0, 250, 25, '2023-11-18 22:47:19', '2023-11-18 22:47:19'),
(21, 29, 41, 7, 4, 0, 0, 600, 600, '2023-11-18 22:47:19', '2023-11-18 22:47:19'),
(22, 29, 41, 8, 4, 0, 0, 1000, 1000, '2023-11-18 22:47:19', '2023-11-18 22:47:19'),
(23, 29, 45, 7, 4, 1, 0, 8, 600, '2023-11-18 22:47:19', '2023-11-18 22:47:19'),
(24, 29, 45, 8, 4, 1, 0, 12, 1000, '2023-11-18 22:47:19', '2023-11-18 22:47:19'),
(25, 8, 39, 7, 1, 1, 1, 10, 10, '2023-11-18 22:48:18', '2023-11-18 22:48:18'),
(26, 8, 39, 8, 1, 1, 1, 15, 15, '2023-11-18 22:48:18', '2023-11-18 22:48:18'),
(27, 8, 42, 7, 1, 1, 1, 10, 10, '2023-11-18 22:48:18', '2023-11-18 22:48:18'),
(28, 8, 42, 8, 1, 1, 1, 15, 15, '2023-11-18 22:48:18', '2023-11-18 22:48:18'),
(29, 8, 43, 7, 1, 1, 1, 10, 10, '2023-11-18 22:48:18', '2023-11-18 22:48:18'),
(30, 8, 43, 8, 1, 1, 1, 15, 15, '2023-11-18 22:48:18', '2023-11-18 22:48:18'),
(31, 1, 39, 7, 1, 1, 1, 10, 10, '2023-12-31 20:27:48', '2023-12-31 20:27:48'),
(32, 1, 39, 8, 1, 1, 1, 15, 15, '2023-12-31 20:27:48', '2023-12-31 20:27:48'),
(33, 1, 42, 7, 1, 1, 1, 10, 10, '2023-12-31 20:27:48', '2023-12-31 20:27:48'),
(34, 1, 42, 8, 1, 1, 1, 20, 15, '2023-12-31 20:27:48', '2023-12-31 20:27:48'),
(35, 1, 43, 7, 1, 1, 1, 10, 10, '2023-12-31 20:27:48', '2023-12-31 20:27:48'),
(36, 1, 43, 8, 1, 1, 1, 15, 15, '2023-12-31 20:27:48', '2023-12-31 20:27:48');

-- --------------------------------------------------------

--
-- Structure de la table `paiements`
--

CREATE TABLE `paiements` (
  `IDPaiement` bigint(20) UNSIGNED NOT NULL,
  `datePaiement` date DEFAULT NULL,
  `montantantVerserment` decimal(10,2) DEFAULT NULL,
  `UIPaiement` int(11) DEFAULT NULL,
  `etatPaiement` int(11) DEFAULT NULL,
  `remisePourcent` int(11) DEFAULT NULL,
  `remiseMontant` decimal(10,0) DEFAULT NULL,
  `created_at` timestamp NULL DEFAULT NULL,
  `updated_at` timestamp NULL DEFAULT NULL,
  `caisse_id` bigint(20) UNSIGNED DEFAULT NULL,
  `examen_id` bigint(20) UNSIGNED DEFAULT NULL
) ENGINE=InnoDB DEFAULT CHARSET=utf8mb4 COLLATE=utf8mb4_unicode_ci;

--
-- Déchargement des données de la table `paiements`
--

INSERT INTO `paiements` (`IDPaiement`, `datePaiement`, `montantantVerserment`, `UIPaiement`, `etatPaiement`, `remisePourcent`, `remiseMontant`, `created_at`, `updated_at`, `caisse_id`, `examen_id`) VALUES
(39, NULL, '4000.00', NULL, NULL, NULL, '0', '2024-01-30 20:50:46', '2024-01-30 20:50:46', 37, 64),
(40, NULL, '2600.00', NULL, NULL, NULL, '500', '2024-02-01 23:36:55', '2024-02-01 23:36:55', 38, 65),
(41, NULL, '4000.00', NULL, NULL, NULL, '0', '2024-02-01 23:36:55', '2024-02-01 23:36:55', 38, 66),
(42, NULL, '5000.00', NULL, NULL, 10, '500', '2024-02-02 22:41:04', '2024-02-02 22:41:04', 39, 67),
(43, NULL, '7600.00', NULL, NULL, NULL, '0', '2024-02-03 00:02:32', '2024-02-03 00:02:32', 40, 68),
(44, NULL, '5000.00', NULL, NULL, NULL, '100', '2024-02-03 00:02:32', '2024-02-03 00:02:32', 40, 69),
(45, NULL, '5000.00', NULL, NULL, NULL, '0', '2024-02-03 20:11:50', '2024-02-03 20:11:50', 41, 70),
(46, NULL, '5000.00', NULL, NULL, NULL, '0', '2024-02-14 21:16:28', '2024-02-14 21:16:28', 42, 71),
(47, NULL, '6000.00', NULL, NULL, NULL, '0', '2024-02-14 21:16:28', '2024-02-14 21:16:28', 42, 72),
(48, NULL, '3200.00', NULL, NULL, NULL, '0', '2024-09-01 10:55:53', '2024-09-01 10:55:53', 43, 73),
(49, NULL, '1200.00', NULL, NULL, NULL, '0', '2024-09-04 07:05:39', '2024-09-04 07:05:39', 44, 74),
(50, NULL, '3000.00', NULL, NULL, NULL, '0', '2024-09-04 07:06:31', '2024-09-04 07:06:31', 45, 75),
(51, NULL, '6000.00', NULL, NULL, NULL, '500', '2024-09-06 21:22:16', '2024-09-06 21:22:16', 46, 76);

-- --------------------------------------------------------

--
-- Structure de la table `password_resets`
--

CREATE TABLE `password_resets` (
  `email` varchar(255) NOT NULL,
  `token` varchar(255) NOT NULL,
  `created_at` timestamp NULL DEFAULT NULL
) ENGINE=InnoDB DEFAULT CHARSET=utf8mb4 COLLATE=utf8mb4_unicode_ci;

-- --------------------------------------------------------

--
-- Structure de la table `patients`
--

CREATE TABLE `patients` (
  `IDPatient` bigint(20) UNSIGNED NOT NULL,
  `nomP` varchar(255) DEFAULT NULL,
  `prenomP` varchar(255) DEFAULT NULL,
  `naisP` date DEFAULT NULL,
  `sexeP` int(11) DEFAULT NULL,
  `telP1` varchar(15) DEFAULT NULL,
  `telP2` varchar(15) DEFAULT NULL,
  `UIPatien` int(11) DEFAULT NULL,
  `etatP` int(11) DEFAULT NULL,
  `created_at` timestamp NULL DEFAULT NULL,
  `updated_at` timestamp NULL DEFAULT NULL,
  `wilaya_id` bigint(20) UNSIGNED DEFAULT NULL,
  `observation` text DEFAULT NULL
) ENGINE=InnoDB DEFAULT CHARSET=utf8mb4 COLLATE=utf8mb4_unicode_ci;

--
-- Déchargement des données de la table `patients`
--

INSERT INTO `patients` (`IDPatient`, `nomP`, `prenomP`, `naisP`, `sexeP`, `telP1`, `telP2`, `UIPatien`, `etatP`, `created_at`, `updated_at`, `wilaya_id`, `observation`) VALUES
(3, NULL, NULL, NULL, NULL, NULL, NULL, 1, NULL, '2023-06-09 23:38:26', '2023-06-09 23:38:26', NULL, NULL),
(4, 'Placeat corrupti a', 'Sed harum illo lorem', '1955-03-08', 2, '0555012021', NULL, 1, NULL, '2023-06-09 23:42:02', '2023-06-09 23:42:02', 13, 'Est commodi quia iur'),
(5, 'Nostrum beatae ea pr', 'Amet sed in sit re', '2013-11-12', 2, '0555252525', NULL, 1, NULL, '2023-06-11 21:22:05', '2023-06-11 21:22:05', 18, 'Dolorum molestias om'),
(6, 'Et maiores officia i', 'Nisi distinctio Mol', '2022-10-16', 1, '+1 (128) 56', NULL, 1, NULL, '2023-06-11 21:28:35', '2023-06-11 21:28:35', 33, 'Quo possimus except'),
(7, 'REKIM', 'zaide', '2000-02-05', 1, '0554545400', NULL, 1, NULL, '2023-06-21 21:08:18', '2024-10-05 16:31:48', 4, 'b kjhg lkjh jhkmljh piukblkjbl kjh'),
(8, 'Nostrud proident qu', 'Voluptate voluptatem', '2012-01-29', 1, '571-9565', NULL, 1, NULL, '2023-07-03 19:34:12', '2023-07-03 19:34:12', 19, 'Aliqua Architecto a'),
(9, 'REKIM', 'Mohamed', '1984-06-05', 1, '0676902987', NULL, 1, NULL, '2023-07-03 19:51:19', '2024-09-06 21:23:09', 18, 'arf egegerg zerg ezr'),
(10, 'sassi', 'ahmed', '1988-05-05', 1, '0676902987', NULL, 1, NULL, '2023-07-03 20:09:01', '2023-07-03 20:09:01', 14, 'dsf qfqzef qzef'),
(11, 'Eveniet sunt quis q', 'Possimus labore fug', '2002-05-27', 1, '0407-6915', NULL, 1, NULL, '2023-07-03 20:12:34', '2023-07-03 20:12:34', 11, 'Quis ad aute distinc'),
(12, 'Culpa non in quisqu', 'Qui sequi fugiat par', '1979-10-31', 2, '0163-3156', NULL, 1, NULL, '2023-07-03 20:13:37', '2023-07-03 20:13:37', 33, 'Aliquid temporibus d'),
(13, 'Est deserunt volupt', 'Recusandae Quos qui', '1976-08-15', 1, '0469-3342', NULL, 1, NULL, '2023-07-03 20:16:27', '2023-07-03 20:16:27', 1, 'Odit blanditiis vel'),
(14, 'zoubir', 'zayd', '1993-06-10', 1, '0553448460', NULL, 1, NULL, '2023-10-06 14:29:29', '2024-04-19 21:48:43', 11, NULL),
(15, 'boujemia', 'said', '1999-05-05', 1, '0653535252', NULL, 1, NULL, '2024-01-26 21:30:21', '2024-01-26 21:30:21', 20, NULL);

-- --------------------------------------------------------

--
-- Structure de la table `personal_access_tokens`
--

CREATE TABLE `personal_access_tokens` (
  `id` bigint(20) UNSIGNED NOT NULL,
  `tokenable_type` varchar(255) NOT NULL,
  `tokenable_id` bigint(20) UNSIGNED NOT NULL,
  `name` varchar(255) NOT NULL,
  `token` varchar(64) NOT NULL,
  `abilities` text DEFAULT NULL,
  `last_used_at` timestamp NULL DEFAULT NULL,
  `created_at` timestamp NULL DEFAULT NULL,
  `updated_at` timestamp NULL DEFAULT NULL
) ENGINE=InnoDB DEFAULT CHARSET=utf8mb4 COLLATE=utf8mb4_unicode_ci;

-- --------------------------------------------------------

--
-- Structure de la table `prescripteurs`
--

CREATE TABLE `prescripteurs` (
  `IDPrescripteur` bigint(20) UNSIGNED NOT NULL,
  `nomP` varchar(255) DEFAULT NULL,
  `UIP` int(11) DEFAULT NULL,
  `etatP` int(11) DEFAULT NULL,
  `created_at` timestamp NULL DEFAULT NULL,
  `updated_at` timestamp NULL DEFAULT NULL
) ENGINE=InnoDB DEFAULT CHARSET=utf8mb4 COLLATE=utf8mb4_unicode_ci;

-- --------------------------------------------------------

--
-- Structure de la table `prix_exams`
--

CREATE TABLE `prix_exams` (
  `IDPrixExam` bigint(20) UNSIGNED NOT NULL,
  `montantPrixExam` decimal(10,2) DEFAULT NULL,
  `UIPrixExam` int(11) DEFAULT NULL,
  `etatPrixExam` int(11) DEFAULT NULL,
  `created_at` timestamp NULL DEFAULT NULL,
  `updated_at` timestamp NULL DEFAULT NULL,
  `etude_id` bigint(20) UNSIGNED DEFAULT NULL,
  `shift_id` bigint(20) UNSIGNED DEFAULT NULL
) ENGINE=InnoDB DEFAULT CHARSET=utf8mb4 COLLATE=utf8mb4_unicode_ci;

--
-- Déchargement des données de la table `prix_exams`
--

INSERT INTO `prix_exams` (`IDPrixExam`, `montantPrixExam`, `UIPrixExam`, `etatPrixExam`, `created_at`, `updated_at`, `etude_id`, `shift_id`) VALUES
(27, '3000.00', 1, 1, '2023-10-29 21:33:36', '2023-11-11 22:40:56', 40, 7),
(28, '4500.00', 1, 1, '2023-10-29 21:33:36', '2023-11-11 22:40:56', 40, 8),
(29, '3000.00', 1, 1, '2023-10-29 21:34:34', '2023-10-29 21:34:34', 40, 7),
(30, '4500.00', 1, 1, '2023-10-29 21:34:34', '2023-10-29 21:34:34', 40, 8),
(31, '6000.00', 1, 1, '2023-10-29 21:35:00', '2023-10-29 21:35:00', 41, 7),
(32, '8000.00', 1, 1, '2023-10-29 21:35:00', '2023-10-29 21:35:00', 41, 8),
(33, '1200.00', 1, 1, '2023-11-17 20:35:23', '2023-11-17 20:35:23', 42, 7),
(34, '4000.00', 1, 1, '2023-11-17 20:35:23', '2023-11-17 20:35:23', 42, 8),
(35, '1000.00', 1, 1, '2023-11-17 20:35:53', '2023-11-17 20:35:53', 43, 7),
(36, '1600.00', 1, 1, '2023-11-17 20:35:53', '2023-11-17 20:35:53', 43, 8),
(39, '2000.00', 1, 1, '2023-11-17 20:39:30', '2023-11-17 20:39:30', 45, 7),
(40, '3000.00', 1, 1, '2023-11-17 20:39:31', '2023-11-17 20:39:31', 45, 8);

-- --------------------------------------------------------

--
-- Structure de la table `prix_produits`
--

CREATE TABLE `prix_produits` (
  `IDPrixProduit` bigint(20) UNSIGNED NOT NULL,
  `prixP` decimal(10,2) DEFAULT NULL,
  `UIPrixP` int(11) DEFAULT NULL,
  `etatPrixP` int(11) DEFAULT NULL,
  `created_at` timestamp NULL DEFAULT NULL,
  `updated_at` timestamp NULL DEFAULT NULL,
  `produit_id` bigint(20) UNSIGNED DEFAULT NULL
) ENGINE=InnoDB DEFAULT CHARSET=utf8mb4 COLLATE=utf8mb4_unicode_ci;

--
-- Déchargement des données de la table `prix_produits`
--

INSERT INTO `prix_produits` (`IDPrixProduit`, `prixP`, `UIPrixP`, `etatPrixP`, `created_at`, `updated_at`, `produit_id`) VALUES
(4, '1500.00', NULL, NULL, '2023-05-19 00:28:00', '2023-05-19 00:28:00', 4),
(5, '1200.00', NULL, NULL, '2023-05-19 00:28:11', '2023-05-19 00:28:11', 4),
(6, '1000.00', NULL, NULL, '2023-05-19 00:29:27', '2023-05-19 00:29:27', 4),
(7, '5000.00', NULL, NULL, '2023-10-06 13:49:26', '2023-10-06 13:49:26', 5);

-- --------------------------------------------------------

--
-- Structure de la table `produits`
--

CREATE TABLE `produits` (
  `IDProduit` bigint(20) UNSIGNED NOT NULL,
  `libelleProduit` varchar(255) DEFAULT NULL,
  `UIProduit` int(11) DEFAULT NULL,
  `etatProduit` int(11) DEFAULT NULL,
  `created_at` timestamp NULL DEFAULT NULL,
  `updated_at` timestamp NULL DEFAULT NULL,
  `class_produit_id` bigint(20) UNSIGNED DEFAULT NULL,
  `prix_afficher` decimal(10,2) DEFAULT NULL
) ENGINE=InnoDB DEFAULT CHARSET=utf8mb4 COLLATE=utf8mb4_unicode_ci;

--
-- Déchargement des données de la table `produits`
--

INSERT INTO `produits` (`IDProduit`, `libelleProduit`, `UIProduit`, `etatProduit`, `created_at`, `updated_at`, `class_produit_id`, `prix_afficher`) VALUES
(4, 'Goutte 0122', 1, 1, '2023-05-19 00:28:00', '2023-05-19 00:29:27', 5, '1000.00'),
(5, 'GADO', 1, 1, '2023-10-06 13:49:26', '2023-10-06 13:49:26', 2, '5000.00');

-- --------------------------------------------------------

--
-- Structure de la table `rdv`
--

CREATE TABLE `rdv` (
  `IDRDV` bigint(20) UNSIGNED NOT NULL,
  `dateRDV` date DEFAULT NULL,
  `heurRDV` time DEFAULT NULL,
  `obsRDV` text DEFAULT NULL,
  `UIRDV` int(11) DEFAULT NULL,
  `etatRDV` int(11) DEFAULT NULL,
  `created_at` timestamp NULL DEFAULT NULL,
  `updated_at` timestamp NULL DEFAULT NULL,
  `examen_id` bigint(20) UNSIGNED DEFAULT NULL
) ENGINE=InnoDB DEFAULT CHARSET=utf8mb4 COLLATE=utf8mb4_unicode_ci;

-- --------------------------------------------------------

--
-- Structure de la table `services`
--

CREATE TABLE `services` (
  `IDService` bigint(20) UNSIGNED NOT NULL,
  `libelleService` varchar(255) DEFAULT NULL,
  `UIService` int(11) DEFAULT NULL,
  `etatService` int(11) DEFAULT NULL,
  `created_at` timestamp NULL DEFAULT NULL,
  `updated_at` timestamp NULL DEFAULT NULL
) ENGINE=InnoDB DEFAULT CHARSET=utf8mb4 COLLATE=utf8mb4_unicode_ci;

--
-- Déchargement des données de la table `services`
--

INSERT INTO `services` (`IDService`, `libelleService`, `UIService`, `etatService`, `created_at`, `updated_at`) VALUES
(1, 'Radiologie Standard', 1, 1, '2023-05-19 08:11:01', '2023-06-01 20:44:00'),
(2, 'Tomodensitométrie', 1, 1, '2023-05-19 08:11:51', '2023-10-06 13:51:24'),
(3, 'Mammographie', 1, 1, '2023-05-19 08:11:59', '2023-06-09 21:03:22'),
(4, 'IRM', 1, 1, '2023-05-19 08:12:06', '2023-05-19 08:15:53'),
(5, 'DMO', 1, 1, '2023-05-19 08:12:13', '2023-05-19 08:12:13'),
(6, 'Echographie', 1, 1, '2023-05-19 08:12:20', '2023-05-19 08:12:20'),
(7, 'X-Ray Angiography', 1, 1, '2023-05-19 08:12:31', '2023-05-19 08:12:31');

-- --------------------------------------------------------

--
-- Structure de la table `shifts`
--

CREATE TABLE `shifts` (
  `IDShift` bigint(20) UNSIGNED NOT NULL,
  `libelleShift` varchar(255) NOT NULL,
  `created_at` timestamp NULL DEFAULT NULL,
  `updated_at` timestamp NULL DEFAULT NULL,
  `etatShift` tinyint(1) DEFAULT NULL,
  `colorShift` varchar(10) NOT NULL
) ENGINE=InnoDB DEFAULT CHARSET=utf8mb4 COLLATE=utf8mb4_unicode_ci;

--
-- Déchargement des données de la table `shifts`
--

INSERT INTO `shifts` (`IDShift`, `libelleShift`, `created_at`, `updated_at`, `etatShift`, `colorShift`) VALUES
(7, 'tarif de jour', '2023-10-29 21:26:14', '2023-10-29 21:26:14', 1, '#ff8000'),
(8, 'tarif de nuit', '2023-10-29 21:31:08', '2023-10-29 21:31:08', 1, '#8000ff'),
(9, 'ttttt', '2024-09-01 10:59:19', '2024-09-01 10:59:19', 1, '#00ff00');

-- --------------------------------------------------------

--
-- Structure de la table `users`
--

CREATE TABLE `users` (
  `id` bigint(20) UNSIGNED NOT NULL,
  `username` varchar(255) DEFAULT NULL,
  `nom` varchar(255) DEFAULT NULL,
  `prenom` varchar(255) DEFAULT NULL,
  `email` varchar(255) NOT NULL,
  `email_verified_at` timestamp NULL DEFAULT NULL,
  `password` varchar(255) NOT NULL,
  `agence` varchar(255) DEFAULT NULL,
  `remember_token` varchar(100) DEFAULT NULL,
  `created_at` timestamp NULL DEFAULT NULL,
  `updated_at` timestamp NULL DEFAULT NULL,
  `deleted_at` timestamp NULL DEFAULT NULL,
  `userMeiter_id` bigint(20) UNSIGNED DEFAULT NULL,
  `is_active` tinyint(1) DEFAULT 1,
  `signature_medcin` int(11) DEFAULT NULL
) ENGINE=InnoDB DEFAULT CHARSET=utf8mb4 COLLATE=utf8mb4_unicode_ci;

--
-- Déchargement des données de la table `users`
--

INSERT INTO `users` (`id`, `username`, `nom`, `prenom`, `email`, `email_verified_at`, `password`, `agence`, `remember_token`, `created_at`, `updated_at`, `deleted_at`, `userMeiter_id`, `is_active`, `signature_medcin`) VALUES
(1, 'Mohamed REKIM', 'REKIM', '1213213', 'admin@risv.dz', NULL, '$2y$10$DgeG/trP2GF0rw5y5c3fBeMEXjOXCWm6nU94H7CunUmLQGMEyCpu2', NULL, NULL, '2023-03-01 19:45:22', '2023-10-05 18:43:58', NULL, 2, 1, NULL),
(7, NULL, 'mohma', 'rere', 'takab@mailinator.com', NULL, '$2y$10$Xw0azywENDUvIwFzYWHeWeUwTKIETSw86Y32yPTPLGgf4U.4qb0r2', NULL, NULL, '2023-04-28 23:24:32', '2023-11-10 22:45:35', NULL, 3, 1, NULL),
(8, NULL, 'omar', 'omar', 'takab@mailisnator.com', NULL, '$2y$10$LxvCy1uV0xOHB1OAG/XXHuSGzb98A7kE6Hb0C.ETbjRTF9SkqMwMO', NULL, NULL, '2023-04-28 23:28:57', '2023-11-18 22:48:18', NULL, 3, 1, NULL),
(9, NULL, 'iiiiii', 'In voluptates maiore', 'vyxipoku@mailinator.com', NULL, '$2y$10$8pnJ/szOdIyHzyyjHOBLSeooB.zw0esFAYGpAfmOM09wi7fsBDn6O', NULL, NULL, '2023-04-29 00:08:46', '2023-05-13 22:14:14', '2023-05-13 22:14:14', 1, 1, NULL),
(10, NULL, 'ssssss', 'qqqqqqq', 'admin2@risv.dz', NULL, '$2y$10$lxhZjKBVllIhGbxnkK54rO7R6O7uIEohQxopdQ1kdgkO2eAWW99K2', NULL, NULL, '2023-05-06 22:08:10', '2023-05-13 22:14:02', '2023-05-13 22:14:02', 2, 1, NULL),
(11, NULL, 'Consequuntur officii', 'Maiores quia magni a', 'hyly@mailinator.com', NULL, '$2y$10$QkF9I0mrrendMb9cpFTrx.nTsBSUbuxCtaCb5DrFfRSB4cNRVjfIG', NULL, NULL, '2023-05-12 22:15:28', '2023-06-02 20:45:21', NULL, 3, 1, NULL),
(12, NULL, 'Doloribus quam quod', 'Eius consectetur al', 'xedyxu@mailinator.com', NULL, '$2y$10$cRX1Wfiwm9g0xsJJlKwNXeJ5.HpX9tepfDQL7cZc3M3UHTkJT1RGW', NULL, NULL, '2023-05-12 22:16:32', '2023-06-01 22:24:16', NULL, 3, 1, NULL),
(14, NULL, 'Doloribus quam quod', 'Eius consectetur al', 'xedyxu@macilinator.com', NULL, '$2y$10$clZhKZwDGcMloZSRUCmAv.PTOeXqhzKQjAcJ0CeTcmsDqRNT0S2D.', NULL, NULL, '2023-05-12 22:17:12', '2023-05-13 21:40:40', NULL, 5, 1, NULL),
(15, NULL, 'Doloribus quam quod', 'Eius consectetur al', 'xedyxu@maccator.com', NULL, '$2y$10$s1kmi/okzwgGaPGEWsguHeDDaSAh785XcgM643WUOl43ghbOit2zm', NULL, NULL, '2023-05-12 22:17:22', '2023-05-13 21:34:57', NULL, 3, 1, NULL),
(16, NULL, 'Doloribus quam quod', 'Eius consectetur al', 'xedyxuc@ator.com', NULL, '$2y$10$ogVG1urtol4M72ACz0bjLOdbgvLggybDGXjUYX9PBhoH0onwdT30m', NULL, NULL, '2023-05-12 22:17:41', '2023-05-12 22:17:41', NULL, NULL, 1, NULL),
(17, NULL, 'REKIMsss', 'rerererssss', 'sg@mt.dz', NULL, '$2y$10$0FsiXkjUy0Sy4zZ3KY4QcOGyFoMdGBplEY3e5XAiyCr0C0ZWymc/K', NULL, NULL, '2023-05-13 21:00:27', '2023-11-16 20:06:18', NULL, 2, 1, NULL),
(21, NULL, 'REKIM', 'dddddd', 'inf0002@cnr.dz', NULL, '$2y$10$qPN/4YL9ZDY9nkXx0xI6BuDN9TMEa1VFrNhru7f.oCbToiPskC4D6', NULL, NULL, '2023-05-13 21:04:34', '2023-05-13 21:38:09', NULL, 2, 1, NULL),
(22, NULL, 'NACER', 'NACER', 'nacer@gmail.com', NULL, '$2y$10$7HgGE0po91lJIdOPO.2BnuUeF/de9dXRbm9XYmV.O3O9tjyqJn3Hi', NULL, NULL, '2023-10-06 13:41:04', '2023-11-18 22:24:52', NULL, 3, 1, NULL),
(25, NULL, 'test 004', 'mohamed', 'takab@mailisnator22.com', NULL, '$2y$10$612HCBrKTrR1zXsdvA89du355rq895pvsFTt/bB1LW73VoWoLEuKq', NULL, NULL, '2023-11-09 23:22:13', '2023-11-09 23:24:45', NULL, 2, 1, 17),
(27, NULL, '0000', '0000', 'zay22d@risv.dz', NULL, '$2y$10$x5dU9DOMSCWxNZLBJxKcQel5fecFBVa4uyC70sD.PO2.nL5IBm18K', NULL, NULL, '2023-11-18 21:03:43', '2023-11-18 22:19:16', '2023-11-18 22:19:16', 2, 1, 1),
(29, NULL, 'REKIM', 'zayd', 'zayd@risv.dz', NULL, '$2y$10$EfljBQMn4Tl7zvWzYaoow.OAxMSnb954y670/wYn8MNE9/oCXUQx.', NULL, NULL, '2023-11-18 22:22:02', '2023-11-18 22:52:18', NULL, 2, 1, 1);

-- --------------------------------------------------------

--
-- Structure de la table `user_metiers`
--

CREATE TABLE `user_metiers` (
  `IDUserMetier` bigint(20) UNSIGNED NOT NULL,
  `typeU` varchar(255) DEFAULT NULL,
  `created_at` timestamp NULL DEFAULT NULL,
  `updated_at` timestamp NULL DEFAULT NULL
) ENGINE=InnoDB DEFAULT CHARSET=utf8mb4 COLLATE=utf8mb4_unicode_ci;

--
-- Déchargement des données de la table `user_metiers`
--

INSERT INTO `user_metiers` (`IDUserMetier`, `typeU`, `created_at`, `updated_at`) VALUES
(1, 'ADMINISTRATEUR', NULL, NULL),
(2, 'MEDCIN', NULL, NULL),
(3, 'RADIOLOGUE', NULL, NULL),
(4, 'RECEPTIONNISTE', NULL, NULL),
(5, 'SECRETAIRE', NULL, NULL),
(6, 'TECHNICIEN', NULL, NULL);

-- --------------------------------------------------------

--
-- Structure de la table `validationcr`
--

CREATE TABLE `validationcr` (
  `IDValidationCR` bigint(20) UNSIGNED NOT NULL,
  `UIVCR` int(11) DEFAULT NULL,
  `etatVCR` int(11) DEFAULT NULL,
  `created_at` timestamp NULL DEFAULT NULL,
  `updated_at` timestamp NULL DEFAULT NULL,
  `compte_rendu_id` bigint(20) UNSIGNED DEFAULT NULL,
  `examen_id` bigint(20) UNSIGNED DEFAULT NULL
) ENGINE=InnoDB DEFAULT CHARSET=utf8mb4 COLLATE=utf8mb4_unicode_ci;

-- --------------------------------------------------------

--
-- Structure de la table `versements`
--

CREATE TABLE `versements` (
  `IDVersement` bigint(20) UNSIGNED NOT NULL,
  `versement` decimal(8,2) DEFAULT NULL,
  `UIVersement` int(11) DEFAULT NULL,
  `caisse_id` bigint(20) UNSIGNED DEFAULT NULL,
  `created_at` timestamp NULL DEFAULT NULL,
  `updated_at` timestamp NULL DEFAULT NULL
) ENGINE=InnoDB DEFAULT CHARSET=utf8mb4 COLLATE=utf8mb4_unicode_ci;

--
-- Déchargement des données de la table `versements`
--

INSERT INTO `versements` (`IDVersement`, `versement`, `UIVersement`, `caisse_id`, `created_at`, `updated_at`) VALUES
(1, '5950.00', 1, 41, '2024-02-03 20:11:50', '2024-02-03 20:11:50'),
(2, '3997.00', 1, 37, '2024-02-03 20:11:50', '2024-02-03 20:11:50'),
(3, '6000.00', 1, 38, '2024-02-03 20:11:50', '2024-02-03 20:11:50'),
(4, '4000.00', 1, 39, '2024-02-03 20:11:50', '2024-02-03 20:11:50'),
(5, '12000.00', 1, 40, '2024-02-03 20:11:50', '2024-02-03 20:11:50'),
(9, '100.00', 1, 40, '2024-02-03 22:50:55', '2024-02-03 22:50:55'),
(10, '100.00', 1, 40, '2024-02-03 22:52:18', '2024-02-03 22:52:18'),
(11, '300.00', 1, 40, '2024-02-03 22:52:50', '2024-02-03 22:52:50'),
(12, '100.00', 1, 39, '2024-02-08 21:59:34', '2024-02-08 21:59:34'),
(13, '100.00', 1, 39, '2024-02-08 21:59:47', '2024-02-08 21:59:47'),
(14, '10000.00', 1, 42, '2024-02-14 21:16:28', '2024-02-14 21:16:28'),
(15, '500.00', 1, 42, '2024-02-14 21:17:02', '2024-02-14 21:17:02'),
(16, '200.00', 1, 42, '2024-02-14 21:17:15', '2024-02-14 21:17:15'),
(17, '2000.00', 1, 42, '2024-02-14 21:17:31', '2024-02-14 21:17:31'),
(18, '390.00', 1, 42, '2024-02-14 21:17:43', '2024-02-14 21:17:43'),
(19, '3000.00', 1, 43, '2024-09-01 10:55:53', '2024-09-01 10:55:53'),
(20, '200.00', 1, 43, '2024-09-04 06:56:47', '2024-09-04 06:56:47'),
(21, '1100.00', 1, 44, '2024-09-04 07:05:39', '2024-09-04 07:05:39'),
(22, '3500.00', 1, 45, '2024-09-04 07:06:31', '2024-09-04 07:06:31'),
(23, '4000.00', 1, 46, '2024-09-06 21:22:16', '2024-09-06 21:22:16'),
(24, '1500.00', 1, 46, '2024-09-06 21:22:29', '2024-09-06 21:22:29');

-- --------------------------------------------------------

--
-- Structure de la table `wilayas`
--

CREATE TABLE `wilayas` (
  `IDWilaya` bigint(20) UNSIGNED NOT NULL,
  `nomWilaya` varchar(255) DEFAULT NULL,
  `created_at` timestamp NULL DEFAULT NULL,
  `updated_at` timestamp NULL DEFAULT NULL,
  `code` varchar(3) DEFAULT NULL
) ENGINE=InnoDB DEFAULT CHARSET=utf8mb4 COLLATE=utf8mb4_unicode_ci;

--
-- Déchargement des données de la table `wilayas`
--

INSERT INTO `wilayas` (`IDWilaya`, `nomWilaya`, `created_at`, `updated_at`, `code`) VALUES
(1, 'Adrar', NULL, NULL, '1'),
(2, 'Chlef', NULL, NULL, '2'),
(3, 'Laghouat', NULL, NULL, '3'),
(4, 'Oum El Bouaghi', NULL, NULL, '4'),
(5, 'Batna', NULL, NULL, '5'),
(6, 'Béjaïa', NULL, NULL, '6'),
(7, 'Biskra', NULL, NULL, '7'),
(8, 'Béchar', NULL, NULL, '8'),
(9, 'Blida', NULL, NULL, '9'),
(10, 'Bouira', NULL, NULL, '10'),
(11, 'Tamanrasset', NULL, NULL, '11'),
(12, 'Tébessa', NULL, NULL, '12'),
(13, 'Tlemcen', NULL, NULL, '13'),
(14, 'Tiaret', NULL, NULL, '14'),
(15, 'Tizi Ouzou', NULL, NULL, '15'),
(16, 'Alger', NULL, NULL, '16'),
(17, 'Djelfa', NULL, NULL, '17'),
(18, 'Jijel', NULL, NULL, '18'),
(19, 'Sétif', NULL, NULL, '19'),
(20, 'Saïda', NULL, NULL, '20'),
(21, 'Skikda', NULL, NULL, '21'),
(22, 'Sidi Bel Abbès', NULL, NULL, '22'),
(23, 'Annaba', NULL, NULL, '23'),
(24, 'Guelma', NULL, NULL, '24'),
(25, 'Constantine', NULL, NULL, '25'),
(26, 'Médéa', NULL, NULL, '26'),
(27, 'Mostaganem', NULL, NULL, '27'),
(28, 'M\'Sila', NULL, NULL, '28'),
(29, 'Mascara', NULL, NULL, '29'),
(30, 'Ouargla', NULL, NULL, '30'),
(31, 'Oran', NULL, NULL, '31'),
(32, 'El Bayadh', NULL, NULL, '32'),
(33, 'Illizi', NULL, NULL, '33'),
(34, 'Bordj Bou Arreridj', NULL, NULL, '34'),
(35, 'Boumerdès', NULL, NULL, '35'),
(36, 'El Tarf', NULL, NULL, '36'),
(37, 'Tindouf', NULL, NULL, '37'),
(38, 'Tissemsilt', NULL, NULL, '38'),
(39, 'El Oued', NULL, NULL, '39'),
(40, 'Khenchela', NULL, NULL, '40'),
(41, 'Souk Ahras', NULL, NULL, '41'),
(42, 'Tipaza', NULL, NULL, '42'),
(43, 'Mila', NULL, NULL, '43'),
(44, 'Aïn Defla', NULL, NULL, '44'),
(45, 'Naâma', NULL, NULL, '45'),
(46, 'Aïn Témouchent', NULL, NULL, '46'),
(47, 'Ghardaïa', NULL, NULL, '47'),
(48, 'Relizane', NULL, NULL, '48');

--
-- Index pour les tables déchargées
--

--
-- Index pour la table `antecedant_examens`
--
ALTER TABLE `antecedant_examens`
  ADD PRIMARY KEY (`id`),
  ADD KEY `antecedent_examens_examen_id_foreign` (`examen_id`),
  ADD KEY `antecedent_examens_antecedent_id_foreign` (`antecedent_id`);

--
-- Index pour la table `antecedents`
--
ALTER TABLE `antecedents`
  ADD PRIMARY KEY (`IDAntecedent`);

--
-- Index pour la table `caisses`
--
ALTER TABLE `caisses`
  ADD PRIMARY KEY (`IDCaisse`);

--
-- Index pour la table `classe_produits`
--
ALTER TABLE `classe_produits`
  ADD PRIMARY KEY (`IDClasseProduit`);

--
-- Index pour la table `clients`
--
ALTER TABLE `clients`
  ADD PRIMARY KEY (`IDClient`);

--
-- Index pour la table `compte_rendus`
--
ALTER TABLE `compte_rendus`
  ADD PRIMARY KEY (`IDCR`),
  ADD KEY `compte_rendus_examen_id_foreign` (`examen_id`);

--
-- Index pour la table `compte_rendu_models`
--
ALTER TABLE `compte_rendu_models`
  ADD PRIMARY KEY (`IDCRM`);

--
-- Index pour la table `conventions`
--
ALTER TABLE `conventions`
  ADD PRIMARY KEY (`IDconv`),
  ADD KEY `conventions_client_id_foreign` (`client_id`);

--
-- Index pour la table `days`
--
ALTER TABLE `days`
  ADD PRIMARY KEY (`IDDay`);

--
-- Index pour la table `day_hour_shifts`
--
ALTER TABLE `day_hour_shifts`
  ADD PRIMARY KEY (`IDDHS`),
  ADD KEY `day_hour_shifts_day_id_foreign` (`day_id`),
  ADD KEY `day_hour_shifts_shift_id_foreign` (`shift_id`),
  ADD KEY `day_hour_shifts_hour_id_foreign` (`hour_id`);

--
-- Index pour la table `etat_caisses`
--
ALTER TABLE `etat_caisses`
  ADD PRIMARY KEY (`id`);

--
-- Index pour la table `etudes`
--
ALTER TABLE `etudes`
  ADD PRIMARY KEY (`IDEtude`),
  ADD KEY `etudes_service_id_foreign` (`service_id`);

--
-- Index pour la table `examens`
--
ALTER TABLE `examens`
  ADD PRIMARY KEY (`IDExamen`),
  ADD KEY `examens_patient_id_foreign` (`patient_id`),
  ADD KEY `examens_produit_id_foreign` (`produit_id`),
  ADD KEY `examens_class_produit_id_foreign` (`class_produit_id`),
  ADD KEY `examens_etude_id_foreign` (`etude_id`),
  ADD KEY `examens_service_id_foreign` (`service_id`),
  ADD KEY `examens_prescripeur_id_foreign` (`prescripeur_id`);

--
-- Index pour la table `failed_jobs`
--
ALTER TABLE `failed_jobs`
  ADD PRIMARY KEY (`id`),
  ADD UNIQUE KEY `failed_jobs_uuid_unique` (`uuid`);

--
-- Index pour la table `hours`
--
ALTER TABLE `hours`
  ADD PRIMARY KEY (`IDHour`);

--
-- Index pour la table `liens`
--
ALTER TABLE `liens`
  ADD PRIMARY KEY (`IDLien`);

--
-- Index pour la table `lien_users`
--
ALTER TABLE `lien_users`
  ADD PRIMARY KEY (`IDLienUser`),
  ADD KEY `lien_users_user_id_foreign` (`user_id`),
  ADD KEY `lien_users_lien_id_foreign` (`lien_id`);

--
-- Index pour la table `migrations`
--
ALTER TABLE `migrations`
  ADD PRIMARY KEY (`id`);

--
-- Index pour la table `mode_paiements`
--
ALTER TABLE `mode_paiements`
  ADD PRIMARY KEY (`id`),
  ADD KEY `mode_paiements_user_id_foreign` (`user_id`),
  ADD KEY `mode_paiements_etude_id_foreign` (`etude_id`),
  ADD KEY `mode_paiements_shift_id_foreign` (`shift_id`);

--
-- Index pour la table `paiements`
--
ALTER TABLE `paiements`
  ADD PRIMARY KEY (`IDPaiement`),
  ADD KEY `paiements_caisses_FK` (`caisse_id`),
  ADD KEY `paiements_examens_FK` (`examen_id`);

--
-- Index pour la table `password_resets`
--
ALTER TABLE `password_resets`
  ADD KEY `password_resets_email_index` (`email`);

--
-- Index pour la table `patients`
--
ALTER TABLE `patients`
  ADD PRIMARY KEY (`IDPatient`),
  ADD KEY `patients_wilaya_id_foreign` (`wilaya_id`);

--
-- Index pour la table `personal_access_tokens`
--
ALTER TABLE `personal_access_tokens`
  ADD PRIMARY KEY (`id`),
  ADD UNIQUE KEY `personal_access_tokens_token_unique` (`token`),
  ADD KEY `personal_access_tokens_tokenable_type_tokenable_id_index` (`tokenable_type`,`tokenable_id`);

--
-- Index pour la table `prescripteurs`
--
ALTER TABLE `prescripteurs`
  ADD PRIMARY KEY (`IDPrescripteur`);

--
-- Index pour la table `prix_exams`
--
ALTER TABLE `prix_exams`
  ADD PRIMARY KEY (`IDPrixExam`),
  ADD KEY `prix_exams_etude_id_foreign` (`etude_id`),
  ADD KEY `prix_exams_shift_id_foreign` (`shift_id`);

--
-- Index pour la table `prix_produits`
--
ALTER TABLE `prix_produits`
  ADD PRIMARY KEY (`IDPrixProduit`),
  ADD KEY `prix_produits_produit_id_foreign` (`produit_id`);

--
-- Index pour la table `produits`
--
ALTER TABLE `produits`
  ADD PRIMARY KEY (`IDProduit`),
  ADD KEY `produits_class_produit_id_foreign` (`class_produit_id`);

--
-- Index pour la table `rdv`
--
ALTER TABLE `rdv`
  ADD PRIMARY KEY (`IDRDV`),
  ADD KEY `rdv_examen_id_foreign` (`examen_id`);

--
-- Index pour la table `services`
--
ALTER TABLE `services`
  ADD PRIMARY KEY (`IDService`);

--
-- Index pour la table `shifts`
--
ALTER TABLE `shifts`
  ADD PRIMARY KEY (`IDShift`);

--
-- Index pour la table `users`
--
ALTER TABLE `users`
  ADD PRIMARY KEY (`id`),
  ADD UNIQUE KEY `users_email_unique` (`email`),
  ADD UNIQUE KEY `users_username_unique` (`username`),
  ADD KEY `users_usermeiter_id_foreign` (`userMeiter_id`);

--
-- Index pour la table `user_metiers`
--
ALTER TABLE `user_metiers`
  ADD PRIMARY KEY (`IDUserMetier`);

--
-- Index pour la table `validationcr`
--
ALTER TABLE `validationcr`
  ADD PRIMARY KEY (`IDValidationCR`),
  ADD KEY `validationcr_compte_rendu_id_foreign` (`compte_rendu_id`),
  ADD KEY `validationcr_examen_id_foreign` (`examen_id`);

--
-- Index pour la table `versements`
--
ALTER TABLE `versements`
  ADD PRIMARY KEY (`IDVersement`),
  ADD KEY `versements_vcaisse_id_foreign` (`caisse_id`);

--
-- Index pour la table `wilayas`
--
ALTER TABLE `wilayas`
  ADD PRIMARY KEY (`IDWilaya`);

--
-- AUTO_INCREMENT pour les tables déchargées
--

--
-- AUTO_INCREMENT pour la table `antecedant_examens`
--
ALTER TABLE `antecedant_examens`
  MODIFY `id` bigint(20) UNSIGNED NOT NULL AUTO_INCREMENT, AUTO_INCREMENT=67;

--
-- AUTO_INCREMENT pour la table `antecedents`
--
ALTER TABLE `antecedents`
  MODIFY `IDAntecedent` bigint(20) UNSIGNED NOT NULL AUTO_INCREMENT, AUTO_INCREMENT=5;

--
-- AUTO_INCREMENT pour la table `caisses`
--
ALTER TABLE `caisses`
  MODIFY `IDCaisse` bigint(20) UNSIGNED NOT NULL AUTO_INCREMENT, AUTO_INCREMENT=47;

--
-- AUTO_INCREMENT pour la table `classe_produits`
--
ALTER TABLE `classe_produits`
  MODIFY `IDClasseProduit` bigint(20) UNSIGNED NOT NULL AUTO_INCREMENT, AUTO_INCREMENT=14;

--
-- AUTO_INCREMENT pour la table `clients`
--
ALTER TABLE `clients`
  MODIFY `IDClient` bigint(20) UNSIGNED NOT NULL AUTO_INCREMENT;

--
-- AUTO_INCREMENT pour la table `compte_rendus`
--
ALTER TABLE `compte_rendus`
  MODIFY `IDCR` bigint(20) UNSIGNED NOT NULL AUTO_INCREMENT;

--
-- AUTO_INCREMENT pour la table `compte_rendu_models`
--
ALTER TABLE `compte_rendu_models`
  MODIFY `IDCRM` bigint(20) UNSIGNED NOT NULL AUTO_INCREMENT, AUTO_INCREMENT=3;

--
-- AUTO_INCREMENT pour la table `conventions`
--
ALTER TABLE `conventions`
  MODIFY `IDconv` bigint(20) UNSIGNED NOT NULL AUTO_INCREMENT;

--
-- AUTO_INCREMENT pour la table `days`
--
ALTER TABLE `days`
  MODIFY `IDDay` bigint(20) UNSIGNED NOT NULL AUTO_INCREMENT, AUTO_INCREMENT=8;

--
-- AUTO_INCREMENT pour la table `day_hour_shifts`
--
ALTER TABLE `day_hour_shifts`
  MODIFY `IDDHS` bigint(20) UNSIGNED NOT NULL AUTO_INCREMENT, AUTO_INCREMENT=243;

--
-- AUTO_INCREMENT pour la table `etat_caisses`
--
ALTER TABLE `etat_caisses`
  MODIFY `id` bigint(20) UNSIGNED NOT NULL AUTO_INCREMENT, AUTO_INCREMENT=4;

--
-- AUTO_INCREMENT pour la table `etudes`
--
ALTER TABLE `etudes`
  MODIFY `IDEtude` bigint(20) UNSIGNED NOT NULL AUTO_INCREMENT, AUTO_INCREMENT=46;

--
-- AUTO_INCREMENT pour la table `examens`
--
ALTER TABLE `examens`
  MODIFY `IDExamen` bigint(20) UNSIGNED NOT NULL AUTO_INCREMENT, AUTO_INCREMENT=77;

--
-- AUTO_INCREMENT pour la table `failed_jobs`
--
ALTER TABLE `failed_jobs`
  MODIFY `id` bigint(20) UNSIGNED NOT NULL AUTO_INCREMENT;

--
-- AUTO_INCREMENT pour la table `hours`
--
ALTER TABLE `hours`
  MODIFY `IDHour` bigint(20) UNSIGNED NOT NULL AUTO_INCREMENT, AUTO_INCREMENT=25;

--
-- AUTO_INCREMENT pour la table `liens`
--
ALTER TABLE `liens`
  MODIFY `IDLien` bigint(20) UNSIGNED NOT NULL AUTO_INCREMENT, AUTO_INCREMENT=27;

--
-- AUTO_INCREMENT pour la table `lien_users`
--
ALTER TABLE `lien_users`
  MODIFY `IDLienUser` bigint(20) UNSIGNED NOT NULL AUTO_INCREMENT, AUTO_INCREMENT=684;

--
-- AUTO_INCREMENT pour la table `migrations`
--
ALTER TABLE `migrations`
  MODIFY `id` int(10) UNSIGNED NOT NULL AUTO_INCREMENT, AUTO_INCREMENT=55;

--
-- AUTO_INCREMENT pour la table `mode_paiements`
--
ALTER TABLE `mode_paiements`
  MODIFY `id` bigint(20) UNSIGNED NOT NULL AUTO_INCREMENT, AUTO_INCREMENT=37;

--
-- AUTO_INCREMENT pour la table `paiements`
--
ALTER TABLE `paiements`
  MODIFY `IDPaiement` bigint(20) UNSIGNED NOT NULL AUTO_INCREMENT, AUTO_INCREMENT=52;

--
-- AUTO_INCREMENT pour la table `patients`
--
ALTER TABLE `patients`
  MODIFY `IDPatient` bigint(20) UNSIGNED NOT NULL AUTO_INCREMENT, AUTO_INCREMENT=16;

--
-- AUTO_INCREMENT pour la table `personal_access_tokens`
--
ALTER TABLE `personal_access_tokens`
  MODIFY `id` bigint(20) UNSIGNED NOT NULL AUTO_INCREMENT;

--
-- AUTO_INCREMENT pour la table `prescripteurs`
--
ALTER TABLE `prescripteurs`
  MODIFY `IDPrescripteur` bigint(20) UNSIGNED NOT NULL AUTO_INCREMENT;

--
-- AUTO_INCREMENT pour la table `prix_exams`
--
ALTER TABLE `prix_exams`
  MODIFY `IDPrixExam` bigint(20) UNSIGNED NOT NULL AUTO_INCREMENT, AUTO_INCREMENT=41;

--
-- AUTO_INCREMENT pour la table `prix_produits`
--
ALTER TABLE `prix_produits`
  MODIFY `IDPrixProduit` bigint(20) UNSIGNED NOT NULL AUTO_INCREMENT, AUTO_INCREMENT=8;

--
-- AUTO_INCREMENT pour la table `produits`
--
ALTER TABLE `produits`
  MODIFY `IDProduit` bigint(20) UNSIGNED NOT NULL AUTO_INCREMENT, AUTO_INCREMENT=6;

--
-- AUTO_INCREMENT pour la table `rdv`
--
ALTER TABLE `rdv`
  MODIFY `IDRDV` bigint(20) UNSIGNED NOT NULL AUTO_INCREMENT;

--
-- AUTO_INCREMENT pour la table `services`
--
ALTER TABLE `services`
  MODIFY `IDService` bigint(20) UNSIGNED NOT NULL AUTO_INCREMENT, AUTO_INCREMENT=10;

--
-- AUTO_INCREMENT pour la table `shifts`
--
ALTER TABLE `shifts`
  MODIFY `IDShift` bigint(20) UNSIGNED NOT NULL AUTO_INCREMENT, AUTO_INCREMENT=10;

--
-- AUTO_INCREMENT pour la table `users`
--
ALTER TABLE `users`
  MODIFY `id` bigint(20) UNSIGNED NOT NULL AUTO_INCREMENT, AUTO_INCREMENT=30;

--
-- AUTO_INCREMENT pour la table `user_metiers`
--
ALTER TABLE `user_metiers`
  MODIFY `IDUserMetier` bigint(20) UNSIGNED NOT NULL AUTO_INCREMENT, AUTO_INCREMENT=7;

--
-- AUTO_INCREMENT pour la table `validationcr`
--
ALTER TABLE `validationcr`
  MODIFY `IDValidationCR` bigint(20) UNSIGNED NOT NULL AUTO_INCREMENT;

--
-- AUTO_INCREMENT pour la table `versements`
--
ALTER TABLE `versements`
  MODIFY `IDVersement` bigint(20) UNSIGNED NOT NULL AUTO_INCREMENT, AUTO_INCREMENT=25;

--
-- AUTO_INCREMENT pour la table `wilayas`
--
ALTER TABLE `wilayas`
  MODIFY `IDWilaya` bigint(20) UNSIGNED NOT NULL AUTO_INCREMENT, AUTO_INCREMENT=49;

--
-- Contraintes pour les tables déchargées
--

--
-- Contraintes pour la table `antecedant_examens`
--
ALTER TABLE `antecedant_examens`
  ADD CONSTRAINT `antecedent_examens_antecedent_id_foreign` FOREIGN KEY (`antecedent_id`) REFERENCES `antecedents` (`IDAntecedent`),
  ADD CONSTRAINT `antecedent_examens_examen_id_foreign` FOREIGN KEY (`examen_id`) REFERENCES `examens` (`IDExamen`);

--
-- Contraintes pour la table `compte_rendus`
--
ALTER TABLE `compte_rendus`
  ADD CONSTRAINT `compte_rendus_examen_id_foreign` FOREIGN KEY (`examen_id`) REFERENCES `examens` (`IDExamen`);

--
-- Contraintes pour la table `conventions`
--
ALTER TABLE `conventions`
  ADD CONSTRAINT `conventions_client_id_foreign` FOREIGN KEY (`client_id`) REFERENCES `clients` (`IDClient`);

--
-- Contraintes pour la table `day_hour_shifts`
--
ALTER TABLE `day_hour_shifts`
  ADD CONSTRAINT `day_hour_shifts_day_id_foreign` FOREIGN KEY (`day_id`) REFERENCES `days` (`IDDay`),
  ADD CONSTRAINT `day_hour_shifts_hour_id_foreign` FOREIGN KEY (`hour_id`) REFERENCES `hours` (`IDHour`),
  ADD CONSTRAINT `day_hour_shifts_shift_id_foreign` FOREIGN KEY (`shift_id`) REFERENCES `shifts` (`IDShift`);

--
-- Contraintes pour la table `etudes`
--
ALTER TABLE `etudes`
  ADD CONSTRAINT `etudes_service_id_foreign` FOREIGN KEY (`service_id`) REFERENCES `services` (`IDService`);

--
-- Contraintes pour la table `examens`
--
ALTER TABLE `examens`
 -- ADD CONSTRAINT `examens_class_produit_id_foreign` FOREIGN KEY (`class_produit_id`) REFERENCES `produits` (`class_produit_id`),
  ADD CONSTRAINT `examens_etude_id_foreign` FOREIGN KEY (`etude_id`) REFERENCES `etudes` (`IDEtude`),
  ADD CONSTRAINT `examens_patient_id_foreign` FOREIGN KEY (`patient_id`) REFERENCES `patients` (`IDPatient`),
  ADD CONSTRAINT `examens_prescripeur_id_foreign` FOREIGN KEY (`prescripeur_id`) REFERENCES `prescripteurs` (`IDPrescripteur`),
  ADD CONSTRAINT `examens_produit_id_foreign` FOREIGN KEY (`produit_id`) REFERENCES `produits` (`IDProduit`),
  ADD CONSTRAINT `examens_service_id_foreign` FOREIGN KEY (`service_id`) REFERENCES `services` (`IDService`);

--
-- Contraintes pour la table `lien_users`
--
ALTER TABLE `lien_users`
  ADD CONSTRAINT `lien_users_lien_id_foreign` FOREIGN KEY (`lien_id`) REFERENCES `liens` (`IDLien`),
  ADD CONSTRAINT `lien_users_user_id_foreign` FOREIGN KEY (`user_id`) REFERENCES `users` (`id`);

--
-- Contraintes pour la table `mode_paiements`
--
ALTER TABLE `mode_paiements`
  ADD CONSTRAINT `mode_paiements_etude_id_foreign` FOREIGN KEY (`etude_id`) REFERENCES `etudes` (`IDEtude`),
  ADD CONSTRAINT `mode_paiements_shift_id_foreign` FOREIGN KEY (`shift_id`) REFERENCES `shifts` (`IDShift`),
  ADD CONSTRAINT `mode_paiements_user_id_foreign` FOREIGN KEY (`user_id`) REFERENCES `users` (`id`);

--
-- Contraintes pour la table `paiements`
--
ALTER TABLE `paiements`
  ADD CONSTRAINT `paiements_caisses_FK` FOREIGN KEY (`caisse_id`) REFERENCES `caisses` (`IDCaisse`),
  ADD CONSTRAINT `paiements_examens_FK` FOREIGN KEY (`examen_id`) REFERENCES `examens` (`IDExamen`);

--
-- Contraintes pour la table `patients`
--
ALTER TABLE `patients`
  ADD CONSTRAINT `patients_wilaya_id_foreign` FOREIGN KEY (`wilaya_id`) REFERENCES `wilayas` (`IDWilaya`);

--
-- Contraintes pour la table `prix_exams`
--
ALTER TABLE `prix_exams`
  ADD CONSTRAINT `prix_exams_etude_id_foreign` FOREIGN KEY (`etude_id`) REFERENCES `etudes` (`IDEtude`),
  ADD CONSTRAINT `prix_exams_shift_id_foreign` FOREIGN KEY (`shift_id`) REFERENCES `shifts` (`IDShift`);

--
-- Contraintes pour la table `prix_produits`
--
ALTER TABLE `prix_produits`
  ADD CONSTRAINT `prix_produits_produit_id_foreign` FOREIGN KEY (`produit_id`) REFERENCES `produits` (`IDProduit`);

--
-- Contraintes pour la table `produits`
--
ALTER TABLE `produits`
  ADD CONSTRAINT `produits_class_produit_id_foreign` FOREIGN KEY (`class_produit_id`) REFERENCES `classe_produits` (`IDClasseProduit`);

--
-- Contraintes pour la table `rdv`
--
ALTER TABLE `rdv`
  ADD CONSTRAINT `rdv_examen_id_foreign` FOREIGN KEY (`examen_id`) REFERENCES `examens` (`IDExamen`);

--
-- Contraintes pour la table `users`
--
ALTER TABLE `users`
  ADD CONSTRAINT `users_usermeiter_id_foreign` FOREIGN KEY (`userMeiter_id`) REFERENCES `user_metiers` (`IDUserMetier`);

--
-- Contraintes pour la table `validationcr`
--
ALTER TABLE `validationcr`
 -- ADD CONSTRAINT `validationcr_compte_rendu_id_foreign` FOREIGN KEY (`compte_rendu_id`) REFERENCES `compte_rendus` (`IDCR`),
  ADD CONSTRAINT `validationcr_examen_id_foreign` FOREIGN KEY (`examen_id`) REFERENCES `examens` (`IDExamen`);

--
-- Contraintes pour la table `versements`
--
ALTER TABLE `versements`
  ADD CONSTRAINT `versements_vcaisse_id_foreign2` FOREIGN KEY (`caisse_id`) REFERENCES `caisses` (`IDCaisse`);
COMMIT;

/*!40101 SET CHARACTER_SET_CLIENT=@OLD_CHARACTER_SET_CLIENT */;
/*!40101 SET CHARACTER_SET_RESULTS=@OLD_CHARACTER_SET_RESULTS */;
/*!40101 SET COLLATION_CONNECTION=@OLD_COLLATION_CONNECTION */;
